-- DATOS TABLAS CLIENTES =========================================================================

INSERT INTO Clientes (nombre, correoElectronico)
VALUES
  ('John Doe', 'john.doe@example.com'),
  ('Jane Smith', 'jane.smith@example.com'),
  ('Michael Johnson', 'michael.johnson@example.com'),
  ('Emily Davis', 'emily.davis@example.com'),
  ('Robert Wilson', 'robert.wilson@example.com'),
  ('Lisa Taylor', 'lisa.taylor@example.com'),
  ('David Anderson', 'david.anderson@example.com'),
  ('Sarah White', 'sarah.white@example.com'),
  ('William Brown', 'william.brown@example.com'),
  ('Jennifer Miller', 'jennifer.miller@example.com'),
  ('James Jones', 'james.jones@example.com'),
  ('Karen Wilson', 'karen.wilson@example.com'),
  ('Daniel Martinez', 'daniel.martinez@example.com'),
  ('Susan Davis', 'susan.davis@example.com'),
  ('Richard Thomas', 'richard.thomas@example.com'),
  ('Patricia Moore', 'patricia.moore@example.com'),
  ('Charles Lee', 'charles.lee@example.com'),
  ('Linda Hall', 'linda.hall@example.com'),
  ('Matthew Harris', 'matthew.harris@example.com'),
  ('Barbara Clark', 'barbara.clark@example.com'),
  ('Joseph Young', 'joseph.young@example.com'),
  ('Margaret Lewis', 'margaret.lewis@example.com'),
  ('Thomas Robinson', 'thomas.robinson@example.com'),
  ('Nancy Turner', 'nancy.turner@example.com'),
  ('Christopher Walker', 'christopher.walker@example.com'),
  ('Karen Jackson', 'karen.jackson@example.com'),
  ('Mark Garcia', 'mark.garcia@example.com'),
  ('Betty Rodriguez', 'betty.rodriguez@example.com'),
  ('Paula Gonzalez', 'paula.gonzalez@example.com'),
  ('Edward Martinez', 'edward.martinez@example.com'),
  ('Dorothy Perez', 'dorothy.perez@example.com'),
  ('Brian Smith', 'brian.smith@example.com'),
  ('Helen Taylor', 'helen.taylor@example.com'),
  ('Kevin Adams', 'kevin.adams@example.com'),
  ('Sharon Hernandez', 'sharon.hernandez@example.com'),
  ('Donald Davis', 'donald.davis@example.com'),
  ('Deborah White', 'deborah.white@example.com'),
  ('George Moore', 'george.moore@example.com'),
  ('Ruth Hall', 'ruth.hall@example.com'),
  ('Andrew Johnson', 'andrew.johnson@example.com'),
  ('Carol Wilson', 'carol.wilson@example.com'),
  ('Edward Lewis', 'edward.lewis@example.com'),
  ('Sandra Clark', 'sandra.clark@example.com'),
  ('Frank Martin', 'frank.martin@example.com'),
  ('Mary Jackson', 'mary.jackson@example.com'),
  ('Kenneth Harris', 'kenneth.harris@example.com'),
  ('Donna Robinson', 'donna.robinson@example.com'),
  ('Larry Turner', 'larry.turner@example.com');


-- DATOS TABLA UBICACIONES ======================================================================== 

INSERT INTO Ubicaciones (direccion, ciudad, estado, pais)
VALUES
  ('123 Main St', 'San Jose', 'California', 'United States'),
  ('456 Elm St', 'Los Angeles', 'California', 'United States'),
  ('789 Oak St', 'Miami', 'Florida', 'United States'),
  ('101 Pine St', 'New York', 'New York', 'United States'),
  ('202 Maple St', 'Houston', 'Texas', 'United States'),
  ('303 Cedar St', 'Chicago', 'Illinois', 'United States'),
  ('404 Birch St', 'Dallas', 'Texas', 'United States'),
  ('505 Walnut St', 'San Francisco', 'California', 'United States'),
  ('606 Spruce St', 'Atlanta', 'Georgia', 'United States'),
  ('707 Sycamore St', 'Seattle', 'Washington', 'United States'),
  ('808 Redwood St', 'Austin', 'Texas', 'United States'),
  ('909 Cypress St', 'Phoenix', 'Arizona', 'United States'),
  ('1001 Red St', 'San Diego', 'California', 'United States'),
  ('1112 Blue St', 'Las Vegas', 'Nevada', 'United States'),
  ('1223 Green St', 'Portland', 'Oregon', 'United States'),
  ('1334 Yellow St', 'Denver', 'Colorado', 'United States'),
  ('1445 Orange St', 'Orlando', 'Florida', 'United States'),
  ('1556 Violet St', 'Tampa', 'Florida', 'United States'),
  ('1667 Indigo St', 'San Antonio', 'Texas', 'United States'),
  ('1778 Pink St', 'San Jose', 'California', 'United States'),
  ('1889 Brown St', 'San Juan', 'San Juan', 'Puerto Rico'),
  ('2000 Black St', 'Guatemala City', 'Guatemala', 'Guatemala'),
  ('2111 White St', 'San Salvador', 'San Salvador', 'El Salvador'),
  ('2222 Gray St', 'Tegucigalpa', 'Francisco Morazán', 'Honduras'),
  ('2333 Silver St', 'Managua', 'Managua', 'Nicaragua'),
  ('2444 Gold St', 'San José', 'San José', 'Costa Rica'),
  ('2555 Platinum St', 'Panama City', 'Panama', 'Panama'),
  ('2666 Diamond St', 'Tegucigalpa', 'Francisco Morazán', 'Honduras'),
  ('2777 Ruby St', 'San Salvador', 'San Salvador', 'El Salvador'),
  ('2888 Sapphire St', 'Managua', 'Managua', 'Nicaragua'),
  ('2999 Emerald St', 'San José', 'San José', 'Costa Rica'),
  ('3100 Pearl St', 'Panama City', 'Panama', 'Panama'),
  ('3211 Topaz St', 'Guatemala City', 'Guatemala', 'Guatemala'),
  ('3322 Opal St', 'San Juan', 'San Juan', 'Puerto Rico'),
  ('3433 Amethyst St', 'San Pedro Sula', 'Cortés', 'Honduras'),
  ('3544 Quartz St', 'Leon', 'León', 'Nicaragua'),
  ('3655 Citrine St', 'Heredia', 'Heredia', 'Costa Rica'),
  ('3766 Onyx St', 'David', 'Chiriquí', 'Panama'),
  ('3877 Turquoise St', 'San Miguel', 'San Miguel', 'El Salvador'),
  ('3988 Jade St', 'La Ceiba', 'Atlántida', 'Honduras'),
  ('4099 Pearl St', 'Liberia', 'Guanacaste', 'Costa Rica'),
  ('4210 Amber St', 'San Francisco Gotera', 'Morazán', 'El Salvador'),
  ('4321 Ruby St', 'Granada', 'Granada', 'Nicaragua'),
  ('4432 Topaz St', 'Tegucigalpa', 'Francisco Morazán', 'Honduras'),
  ('4543 Opal St', 'Choluteca', 'Choluteca', 'Honduras'),
  ('4654 Amethyst St', 'Esquipulas', 'Chiquimula', 'Guatemala'),
  ('4765 Quartz St', 'Managua', 'Managua', 'Nicaragua'),
  ('4876 Citrine St', 'San Salvador', 'San Salvador', 'El Salvador');

-- DATOS TABLA TIENDAS ============================================================================
-- Sample data for the "Tiendas" table
INSERT INTO Tiendas (idUbicacion, nombre, horario)
VALUES
  (1, 'TechHN 1', 'Mon-Fri: 9 AM - 6 PM, Sat: 10 AM - 4 PM'),
  (2, 'TechHN 2', 'Mon-Fri: 10 AM - 7 PM, Sat: 11 AM - 5 PM'),
  (3, 'TechHN 3', 'Mon-Fri: 9:30 AM - 6:30 PM, Sat: 10:30 AM - 4:30 PM'),
  (4, 'TechHN 4', 'Mon-Fri: 10 AM - 6 PM, Sat: 11 AM - 3 PM'),
  (5, 'TechHN 5', 'Mon-Fri: 9:30 AM - 7 PM, Sat: 10 AM - 5 PM'),
  (6, 'TechHN 6', 'Mon-Fri: 10:30 AM - 6:30 PM, Sat: 11:30 AM - 4:30 PM'),
  (7, 'TechHN 7', 'Mon-Fri: 9 AM - 6 PM, Sat: 10 AM - 4 PM'),
  (8, 'TechHN 8', 'Mon-Fri: 10 AM - 7 PM, Sat: 11 AM - 5 PM'),
  (9, 'TechHN 9', 'Mon-Fri: 9:30 AM - 6:30 PM, Sat: 10:30 AM - 4:30 PM'),
  (10, 'TechHN 10', 'Mon-Fri: 10 AM - 6 PM, Sat: 11 AM - 3 PM'),
  (11, 'TechHN 11', 'Mon-Fri: 9:30 AM - 7 PM, Sat: 10 AM - 5 PM'),
  (12, 'TechHN 12', 'Mon-Fri: 10:30 AM - 6:30 PM, Sat: 11:30 AM - 4:30 PM'),
  (13, 'TechHN 13', 'Mon-Fri: 9 AM - 6 PM, Sat: 10 AM - 4 PM'),
  (14, 'TechHN 14', 'Mon-Fri: 10 AM - 7 PM, Sat: 11 AM - 5 PM'),
  (15, 'TechHN 15', 'Mon-Fri: 9:30 AM - 6:30 PM, Sat: 10:30 AM - 4:30 PM'),
  (16, 'TechHN 16', 'Mon-Fri: 10 AM - 6 PM, Sat: 11 AM - 3 PM'),
  (17, 'TechHN 17', 'Mon-Fri: 9:30 AM - 7 PM, Sat: 10 AM - 5 PM'),
  (18, 'TechHN 18', 'Mon-Fri: 10:30 AM - 6:30 PM, Sat: 11:30 AM - 4:30 PM'),
  (19, 'TechHN 19', 'Mon-Fri: 9 AM - 6 PM, Sat: 10 AM - 4 PM'),
  (20, 'TechHN 20', 'Mon-Fri: 10 AM - 7 PM, Sat: 11 AM - 5 PM'),
  (21, 'TechHN 21', 'Mon-Fri: 9:30 AM - 6:30 PM, Sat: 10:30 AM - 4:30 PM'),
  (22, 'TechHN 22', 'Mon-Fri: 10 AM - 6 PM, Sat: 11 AM - 3 PM'),
  (23, 'TechHN 23', 'Mon-Fri: 9:30 AM - 7 PM, Sat: 10 AM - 5 PM'),
  (24, 'TechHN 24', 'Mon-Fri: 10:30 AM - 6:30 PM, Sat: 11:30 AM - 4:30 PM'),
  (25, 'TechHN 25', 'Mon-Fri: 9 AM - 6 PM, Sat: 10 AM - 4 PM'),
  (26, 'TechHN 26', 'Mon-Fri: 10 AM - 7 PM, Sat: 11 AM - 5 PM'),
  (27, 'TechHN 27', 'Mon-Fri: 9:30 AM - 6:30 PM, Sat: 10:30 AM - 4:30 PM'),
  (28, 'TechHN 28', 'Mon-Fri: 10 AM - 6 PM, Sat: 11 AM - 3 PM'),
  (29, 'TechHN 29', 'Mon-Fri: 9:30 AM - 7 PM, Sat: 10 AM - 5 PM'),
  (30, 'TechHN 30', 'Mon-Fri: 10:30 AM - 6:30 PM, Sat: 11:30 AM - 4:30 PM'),
  (31, 'TechHN 31', 'Mon-Fri: 9 AM - 6 PM, Sat: 10 AM - 4 PM'),
  (32, 'TechHN 32', 'Mon-Fri: 10 AM - 7 PM, Sat: 11 AM - 5 PM'),
  (33, 'TechHN 33', 'Mon-Fri: 9:30 AM - 6:30 PM, Sat: 10:30 AM - 4:30 PM'),
  (34, 'TechHN 34', 'Mon-Fri: 10 AM - 6 PM, Sat: 11 AM - 3 PM'),
  (35, 'TechHN 35', 'Mon-Fri: 9:30 AM - 7 PM, Sat: 10 AM - 5 PM'),
  (36, 'TechHN 36', 'Mon-Fri: 10:30 AM - 6:30 PM, Sat: 11:30 AM - 4:30 PM'),
  (37, 'TechHN 37', 'Mon-Fri: 9 AM - 6 PM, Sat: 10 AM - 4 PM'),
  (38, 'TechHN 38', 'Mon-Fri: 10 AM - 7 PM, Sat: 11 AM - 5 PM'),
  (39, 'TechHN 39', 'Mon-Fri: 9:30 AM - 6:30 PM, Sat: 10:30 AM - 4:30 PM'),
  (40, 'TechHN 40', 'Mon-Fri: 10 AM - 6 PM, Sat: 11 AM - 3 PM'),
  (41, 'TechHN 41', 'Mon-Fri: 9:30 AM - 7 PM, Sat: 10 AM - 5 PM'),
  (42, 'TechHN 42', 'Mon-Fri: 10:30 AM - 6:30 PM, Sat: 11:30 AM - 4:30 PM'),
  (43, 'TechHN 43', 'Mon-Fri: 9 AM - 6 PM, Sat: 10 AM - 4 PM'),
  (44, 'TechHN 44', 'Mon-Fri: 10 AM - 7 PM, Sat: 11 AM - 5 PM'),
  (45, 'TechHN 45', 'Mon-Fri: 9:30 AM - 6:30 PM, Sat: 10:30 AM - 4:30 PM'),
  (46, 'TechHN 46', 'Mon-Fri: 10 AM - 6 PM, Sat: 11 AM - 3 PM'),
  (47, 'TechHN 47', 'Mon-Fri: 9:30 AM - 7 PM, Sat: 10 AM - 5 PM'),
  (48, 'TechHN 48', 'Mon-Fri: 10:30 AM - 6:30 PM, Sat: 11:30 AM - 4:30 PM'),
  (49, 'TechHN 49', 'Mon-Fri: 9 AM - 6 PM, Sat: 10 AM - 4 PM'),
  (50, 'TechHN 50', 'Mon-Fri: 10 AM - 7 PM, Sat: 11 AM - 5 PM');


-- DATOS TABLA CATEGORIAS
INSERT INTO Categorias(categoria) 
VALUES
    ('Audio'),
    ('Cameras and Accessories'),
    ('Electronics'),
    ('Entertainment'),
    ('Gaming'),
    ('Home Appliances'),
    ('Miscellaneous'),
    ('Mobile Accessories'),
    ('Networking'),
    ('Peripherals'),
    ('Personal Care'),
    ('Smart Home'),
    ('Wearable Tech');

-- DATOS TABLA PRODUCTOS
INSERT INTO Productos(upc, nombre, tamaño, embalaje, marca)
  VALUES
  (ucp, nombre, tamanio, embalaje, marca),
  ('4567890123467', 'Printer', '30-60 PPM', 'Box','HP'),
  ('4567890123468', 'Printer', '30-60 PPM', 'Box',' Canon'),
  ('4567890123469', 'Printer', '30-60 PPM', 'Box',' Epson'),
  ('4567890123471', 'TV', '32-75 inches', 'Box',' Samsung'),
  ('4567890123473', 'TV', '32-75 inches', 'Box',' LG'),
  ('4567890123475', 'TV', '32-75 inches', 'Box',' Sony'),
  ('4567890123478', 'Laptop', '1.8-4.2 GHz', 'Box',' Dell'),
  ('4567890123481', 'Laptop', '1.8-4.2 GHz', 'Box',' HP'),
  ('4567890123484', 'Laptop', '1.8-4.2 GHz', 'Box',' Lenovo'),
  ('4567890123488', 'Smartphone', '5.5-6.7 inches', 'Box',' Apple'),
  ('4567890123492', 'Smartphone', '5.5-6.7 inches', 'Box',' Samsung'),
  ('4567890123496', 'Smartphone', '5.5-6.7 inches', 'Box',' Google'),
  ('4567890123501', 'Tablet', '8-12 inches', 'Box',' Apple'),
  ('4567890123506', 'Tablet', '8-12 inches', 'Box',' Samsung'),
  ('4567890123511', 'Tablet', '8-12 inches', 'Box',' Lenovo'),
  ('4567890123517', 'Smartwatch', '2-7 days', 'Box',' Apple'),
  ('4567890123523', 'Smartwatch', '2-7 days', 'Box',' Samsung'),
  ('4567890123529', 'Smartwatch', '2-7 days', 'Box',' Fitbit'),
  ('4567890123536', 'Camera', '12-50 MP', 'Box',' Canon'),
  ('4567890123543', 'Camera', '12-50 MP', 'Box',' Nikon'),
  ('4567890123550', 'Camera', '12-50 MP', 'Box',' Sony'),
  ('4567890123558', 'Headphones', 'Active Noise-Canceling', 'Box',' Sony'),
  ('4567890123566', 'Headphones', 'Active Noise-Canceling', 'Box',' Bose'),
  ('4567890123574', 'Headphones', 'Active Noise-Canceling', 'Box',' Sennheiser'),
  ('4567890123583', 'Gaming Console', '4K UHD', 'Box',' Sony (PlayStation)'),
  ('4567890123592', 'Gaming Console', '4K UHD', 'Box',' Microsoft (Xbox)'),
  ('4567890123602', 'Drone', '2-10 Km', 'Box',' DJI'),
  ('4567890123612', 'Drone', '2-10 Km', 'Box',' Parrot'),
  ('4567890123622', 'Drone', '2-10 Km', 'Box',' Autel'),
  ('4567890123633', 'Bluetooth Speaker', '6-20 hours', 'Box',' JBL'),
  ('4567890123644', 'Bluetooth Speaker', '6-20 hours', 'Box',' Bose'),
  ('4567890123655', 'Bluetooth Speaker', '6-20 hours', 'Box',' UE'),
  ('4567890123667', 'Virtual Reality Headset', '90-120 degrees', 'Box',' Oculus (Facebook)'),
  ('4567890123679', 'Virtual Reality Headset', '90-120 degrees', 'Box',' HTC Vive'),
  ('4567890123692', 'Fitness Tracker', '5,000-15,000 steps', 'Box',' Fitbit'),
  ('4567890123705', 'Fitness Tracker', '5,000-15,000 steps', 'Box',' Garmin'),
  ('4567890123718', 'Fitness Tracker', '5,000-15,000 steps', 'Box',' Xiaomi'),
  ('4567890123732', 'Projector', '2,000-4,000 Lumens', 'Box',' Epson'),
  ('4567890123746', 'Projector', '2,000-4,000 Lumens', 'Box',' BenQ'),
  ('4567890123760', 'Projector', '2,000-4,000 Lumens', 'Box',' Optoma'),
  ('4567890123775', 'External Hard Drive', '1-8 TB', 'Box',' Western Digital (WD)'),
  ('4567890123790', 'External Hard Drive', '1-8 TB', 'Box',' Seagate'),
  ('4567890123806', 'Monitor', '24-34 inches', 'Box',' Dell'),
  ('4567890123822', 'Monitor', '24-34 inches', 'Box',' HP'),
  ('4567890123838', 'Monitor', '24-34 inches', 'Box',' LG'),
  ('4567890123855', 'Wireless Earbuds', '4-12 hours', 'Box',' Apple (AirPods)'),
  ('4567890123872', 'Wireless Earbuds', '4-12 hours', 'Box',' Samsung'),
  ('4567890123889', 'Wireless Earbuds', '4-12 hours', 'Box',' Sony'),
  ('4567890123907', 'Smart Home Hub', 'Common Compatibility', 'Box',' Amazon (Echo)'),
  ('4567890123925', 'Smart Home Hub', 'Common Compatibility', 'Box',' Google (Nest)'),
  ('4567890123944', 'Wireless Router', '300-2,000 Mbps', 'Box',' Linksys'),
  ('4567890123963', 'Wireless Router', '300-2,000 Mbps', 'Box',' Netgear'),
  ('4567890123982', 'Wireless Router', '300-2,000 Mbps', 'Box',' TP-Link'),
  ('4567890124002', 'Gaming Mouse', '4,000-16,000 DPI', 'Box',' Logitech'),
  ('4567890124022', 'Gaming Mouse', '4,000-16,000 DPI', 'Box',' Razer'),
  ('4567890124042', 'Gaming Mouse', '4,000-16,000 DPI', 'Box',' SteelSeries'),
  ('4567890124063', 'Keyboard', 'Mechanical', 'Box',' Logitech'),
  ('4567890124084', 'Keyboard', 'Mechanical', 'Box',' Corsair'),
  ('4567890124105', 'Keyboard', 'Mechanical', 'Box',' Razer'),
  ('4567890124127', 'Smart Thermostat', '50-90°F', 'Box',' Nest (Google)'),
  ('4567890124149', 'Smart Thermostat', '50-90°F', 'Box',' Ecobee'),
  ('4567890124172', 'Robot Vacuum', '1,500-2,500 Pa', 'Box',' iRobot (Roomba)'),
  ('4567890124195', 'Robot Vacuum', '1,500-2,500 Pa', 'Box',' Eufy'),
  ('4567890124218', 'Robot Vacuum', '1,500-2,500 Pa', 'Box',' Neato'),
  ('4567890124242', 'Electric Scooter', '10-25 miles', 'Box',' Xiaomi'),
  ('4567890124266', 'Electric Scooter', '10-25 miles', 'Box',' Segway'),
  ('4567890124291', 'Smart Lock', 'Common Compatibility', 'Box',' August'),
  ('4567890124316', 'Smart Lock', 'Common Compatibility', 'Box',' Schlage'),
  ('4567890124341', 'Smart Lock', 'Common Compatibility', 'Box',' Yale'),
  ('4567890124367', 'Wireless Charging Pad', '5-15 watts', 'Box',' Belkin'),
  ('4567890124393', 'Wireless Charging Pad', '5-15 watts', 'Box',' Anker'),
  ('4567890124419', 'Wireless Charging Pad', '5-15 watts', 'Box',' Samsung'),
  ('4567890124446', 'Portable Bluetooth Speaker', '6-20 hours', 'Box',' JBL'),
  ('4567890124473', 'Portable Bluetooth Speaker', '6-20 hours', 'Box',' UE'),
  ('4567890124500', 'Portable Bluetooth Speaker', '6-20 hours', 'Box',' Bose'),
  ('4567890124528', 'Action Camera', '1080p-4K', 'Box',' GoPro'),
  ('4567890124556', 'Action Camera', '1080p-4K', 'Box',' DJI'),
  ('4567890124584', 'Action Camera', '1080p-4K', 'Box',' Sony'),
  ('4567890124613', 'E-reader', '6-7 inches', 'Box',' Amazon (Kindle)'),
  ('4567890124642', 'E-reader', '6-7 inches', 'Box',' Kobo'),
  ('4567890124672', 'Soundbar', '50-300 watts', 'Box',' Sony'),
  ('4567890124702', 'Soundbar', '50-300 watts', 'Box',' Samsung'),
  ('4567890124732', 'Soundbar', '50-300 watts', 'Box',' Bose'),
  ('4567890124763', 'Gaming Keyboard', 'Mechanical', 'Box',' Corsair'),
  ('4567890124794', 'Gaming Keyboard', 'Mechanical', 'Box',' Logitech'),
  ('4567890124825', 'Gaming Keyboard', 'Mechanical', 'Box',' Razer'),
  ('4567890124857', 'Gaming Headset', 'Virtual Surround', 'Box',' SteelSeries'),
  ('4567890124889', 'Gaming Headset', 'Virtual Surround', 'Box',' HyperX'),
  ('4567890124921', 'Gaming Headset', 'Virtual Surround', 'Box',' Corsair'),
  ('4567890124954', 'Power Bank', '5,000-20,000 mAh', 'Box',' Anker'),
  ('4567890124987', 'Power Bank', '5,000-20,000 mAh', 'Box',' Xiaomi'),
  ('4567890125020', 'Power Bank', '5,000-20,000 mAh', 'Box',' RAVPower'),
  ('4567890125054', 'Wireless Security Camera', '720p-4K', 'Box',' Arlo (Netgear)'),
  ('4567890125088', 'Wireless Security Camera', '720p-4K', 'Box',' Ring (Amazon)'),
  ('4567890125122', 'Wireless Security Camera', '720p-4K', 'Box',' Nest (Google)'),
  ('4567890125157', 'Bluetooth Earphones', '4-12 hours', 'Box',' Beats (Apple)'),
  ('4567890125192', 'Bluetooth Earphones', '4-12 hours', 'Box',' Bose'),
  ('4567890125227', 'Bluetooth Earphones', '4-12 hours', 'Box',' Sony'),
  ('4567890125263', 'Smart Doorbell', '720p-4K', 'Box',' Ring (Amazon)'),
  ('4567890125299', 'Smart Doorbell', '720p-4K', 'Box',' Nest (Google)'),
  ('4567890125336', 'Bluetooth Keyboard', 'Membrane', 'Box',' Logitech'),
  ('4567890125373', 'Bluetooth Keyboard', 'Membrane', 'Box',' Microsoft'),
  ('4567890125410', 'Bluetooth Keyboard', 'Membrane', 'Box',' Anker'),
  ('4567890125448', 'Wireless Mouse', '800-4,000 DPI', 'Box',' Logitech'),
  ('4567890125486', 'Wireless Mouse', '800-4,000 DPI', 'Box',' Microsoft'),
  ('4567890125524', 'Wireless Mouse', '800-4,000 DPI', 'Box',' HP'),
  ('4567890125563', 'Portable SSD', '256-2,000 GB', 'Box',' Samsung'),
  ('4567890125602', 'Portable SSD', '256-2,000 GB', 'Box',' SanDisk'),
  ('4567890125641', 'Portable SSD', '256-2,000 GB', 'Box',' Crucial'),
  ('4567890125681', 'Bluetooth Gamepad', 'Common Compatibility', 'Box',' Xbox (Microsoft)'),
  ('4567890125721', 'Bluetooth Gamepad', 'Common Compatibility', 'Box',' DualShock (Sony)'),
  ('4567890125762', 'Fitness Smartwatch', 'Yes', 'Box',' Garmin'),
  ('4567890125803', 'Fitness Smartwatch', 'Yes', 'Box',' Samsung'),
  ('4567890125844', 'Fitness Smartwatch', 'Yes', 'Box',' Amazfit'),
  ('4567890125886', 'Compact Digital Camera', '16-24 MP', 'Box',' Canon'),
  ('4567890125928', 'Compact Digital Camera', '16-24 MP', 'Box',' Sony'),
  ('4567890125970', 'Compact Digital Camera', '16-24 MP', 'Box',' Panasonic'),
  ('4567890126013', 'Smart Scale', '300-500 lbs', 'Box',' Fitbit'),
  ('4567890126056', 'Smart Scale', '300-500 lbs', 'Box',' Withings'),
  ('4567890126099', 'Smart Scale', '300-500 lbs', 'Box',' Eufy'),
  ('4567890126143', 'Wireless Earphones', '3-12 hours', 'Box',' Apple (AirPods)'),
  ('4567890126187', 'Wireless Earphones', '3-12 hours', 'Box',' Bose'),
  ('4567890126231', 'Wireless Earphones', '3-12 hours', 'Box',' Sony'),
  ('4567890126276', 'Portable Projector', '1,000-3,000 Lumens', 'Box',' Anker'),
  ('4567890126321', 'Portable Projector', '1,000-3,000 Lumens', 'Box',' ViewSonic'),
  ('4567890126366', 'Portable Projector', '1,000-3,000 Lumens', 'Box',' Nebula (by Anker)'),
  ('4567890126412', 'WiFi Range Extender', '1,500-4,000 sq. ft.', 'Box',' TP-Link'),
  ('4567890126458', 'WiFi Range Extender', '1,500-4,000 sq. ft.', 'Box',' Netgear'),
  ('4567890126504', 'WiFi Range Extender', '1,500-4,000 sq. ft.', 'Box',' Linksys'),
  ('4567890126551', 'Desktop Computer', '2.0-5.0 GHz', 'Box',' Dell'),
  ('4567890126598', 'Desktop Computer', '2.0-5.0 GHz', 'Box',' HP'),
  ('4567890126645', 'Desktop Computer', '2.0-5.0 GHz', 'Box',' Lenovo'),
  ('4567890126693', 'Smart Light Bulb', '600-1,200 lumens', 'Box',' Philips Hue'),
  ('4567890126741', 'Smart Light Bulb', '600-1,200 lumens', 'Box',' LIFX'),
  ('4567890126789', 'Smart Light Bulb', '600-1,200 lumens', 'Box',' TP-Link'),
  ('4567890126838', 'Gaming Chair', 'Ergonomic Design', 'Box',' DXRacer'),
  ('4567890126887', 'Gaming Chair', 'Ergonomic Design', 'Box',' Secretlab'),
  ('4567890126936', 'Gaming Chair', 'Ergonomic Design', 'Box',' AKRacing'),
  ('4567890126986', 'Bluetooth Sunglasses', 'Yes', 'Box',' Bose'),
  ('4567890127036', 'Bluetooth Sunglasses', 'Yes', 'Box',' Zungle'),
  ('4567890127086', 'Bluetooth Sunglasses', 'Yes', 'Box',' Fauna'),
  ('4567890127137', 'Portable Monitor', '13-17 inches', 'Box',' ASUS'),
  ('4567890127188', 'Portable Monitor', '13-17 inches', 'Box',' Acer'),
  ('4567890127239', 'Portable Monitor', '13-17 inches', 'Box',' HP'),
  ('4567890127291', 'Wireless Charger Stand', '5-15 watts', 'Box',' Belkin'),
  ('4567890127343', 'Wireless Charger Stand', '5-15 watts', 'Box',' Anker'),
  ('4567890127395', 'Wireless Charger Stand', '5-15 watts', 'Box',' Samsung'),
  ('4567890127448', 'Gaming Controller', 'Common Compatibility', 'Box',' Xbox (Microsoft)'),
  ('4567890127501', 'Gaming Controller', 'Common Compatibility', 'Box',' DualShock (Sony)'),
  ('4567890127555', 'Smart Plug', 'Common Compatibility', 'Box',' TP-Link'),
  ('4567890127609', 'Smart Plug', 'Common Compatibility', 'Box',' Amazon (Amazon Smart Plug)'),
  ('4567890127664', 'Noise-Canceling Headphones', 'Advanced Noise-Canceling', 'Box',' Sony'),
  ('4567890127719', 'Noise-Canceling Headphones', 'Advanced Noise-Canceling', 'Box',' Bose'),
  ('4567890127774', 'Noise-Canceling Headphones', 'Advanced Noise-Canceling', 'Box',' Sennheiser'),
  ('4567890127830', 'Bluetooth Car Kit', 'Yes', 'Box',' Jabra'),
  ('4567890127886', 'Bluetooth Car Kit', 'Yes', 'Box',' Anker'),
  ('4567890127942', 'Bluetooth Car Kit', 'Yes', 'Box',' Parrot'),
  ('4567890127999', 'USB Flash Drive', '16-512 GB', 'Box',' SanDisk'),
  ('4567890128056', 'USB Flash Drive', '16-512 GB', 'Box',' Kingston'),
  ('4567890128113', 'USB Flash Drive', '16-512 GB', 'Box',' Samsung'),
  ('4567890128171', 'Bluetooth FM Transmitter', 'Yes', 'Box',' Nulaxy'),
  ('4567890128229', 'Bluetooth FM Transmitter', 'Yes', 'Box',' VicTsing'),
  ('4567890128287', 'Bluetooth FM Transmitter', 'Yes', 'Box',' Anker'),
  ('4567890128346', 'Wireless Earbuds with Charging Case', '3-12 hours', 'Box',' Apple (AirPods)'),
  ('4567890128405', 'Wireless Earbuds with Charging Case', '3-12 hours', 'Box',' Samsung'),
  ('4567890128464', 'Wireless Earbuds with Charging Case', '3-12 hours', 'Box',' Sony'),
  ('4567890128524', 'Bluetooth Receiver', '30-100 ft.', 'Box',' TaoTronics'),
  ('4567890128584', 'Bluetooth Receiver', '30-100 ft.', 'Box',' Anker'),
  ('4567890128644', 'Bluetooth Receiver', '30-100 ft.', 'Box',' Logitech'),
  ('4567890128705', 'Gaming Laptop', 'Dedicated GPU', 'Box',' ASUS'),
  ('4567890128766', 'Gaming Laptop', 'Dedicated GPU', 'Box',' MSI'),
  ('4567890128827', 'Gaming Laptop', 'Dedicated GPU', 'Box',' Alienware (Dell)'),
  ('4567890128889', 'Wireless Bluetooth Headset', '10-20 hours', 'Box',' Plantronics'),
  ('4567890128951', 'Wireless Bluetooth Headset', '10-20 hours', 'Box',' Jabra'),
  ('4567890129013', 'Wireless Bluetooth Headset', '10-20 hours', 'Box',' Sony'),
  ('4567890129076', 'Smart Ceiling Fan', 'Common Compatibility', 'Box',' Hunter'),
  ('4567890129139', 'Smart Ceiling Fan', 'Common Compatibility', 'Box',' Haiku (Big Ass Fans)'),
  ('4567890129202', 'Smart Ceiling Fan', 'Common Compatibility', 'Box',' Hampton Bay'),
  ('4567890129266', 'Smart Mirror', 'Customizable Features', 'Box',' HiMirror'),
  ('4567890129330', 'Smart Mirror', 'Customizable Features', 'Box',' Simplehuman'),
  ('4567890129394', 'Smart Mirror', 'Customizable Features', 'Box',' Capstone'),
  ('4567890129459', 'Wireless Keyboard and Mouse Combo', '30-100 ft.', 'Box',' Logitech'),
  ('4567890129524', 'Wireless Keyboard and Mouse Combo', '30-100 ft.', 'Box',' Microsoft'),
  ('4567890129589', 'Wireless Keyboard and Mouse Combo', '30-100 ft.', 'Box',' HP'),
  ('4567890129655', 'Bluetooth Trackers', '50-200 ft.', 'Box',' Tile'),
  ('4567890129721', 'Bluetooth Trackers', '50-200 ft.', 'Box',' Chipolo'),
  ('4567890129787', 'Bluetooth Trackers', '50-200 ft.', 'Box',' TrackR'),
  ('4567890129854', 'Mini Projector', '1,000-3,000 Lumens', 'Box',' Anker'),
  ('4567890129921', 'Mini Projector', '1,000-3,000 Lumens', 'Box',' ViewSonic'),
  ('4567890129988', 'Mini Projector', '1,000-3,000 Lumens', 'Box',' Nebula (by Anker)'),
  ('4567890130056', 'Wireless Gaming Mouse', '4,000-16,000 DPI', 'Box',' Logitech'),
  ('4567890130124', 'Wireless Gaming Mouse', '4,000-16,000 DPI', 'Box',' Razer'),
  ('4567890130192', 'Wireless Gaming Mouse', '4,000-16,000 DPI', 'Box',' SteelSeries'),
  ('4567890130261', 'Smart Water Bottle', 'Yes', 'Box',' Hidrate Spark'),
  ('4567890130330', 'Smart Water Bottle', 'Yes', 'Box',' Thermos'),
  ('4567890130399', 'Smart Water Bottle', 'Yes', 'Box',' Ozmo'),
  ('4567890130469', 'Portable Bluetooth Speaker with Lights', 'Customizable Light Shows', 'Box',' JBL'),
  ('4567890130539', 'Portable Bluetooth Speaker with Lights', 'Customizable Light Shows', 'Box',' UE'),
  ('4567890130609', 'Portable Bluetooth Speaker with Lights', 'Customizable Light Shows', 'Box',' Anker'),
  ('4567890130680', '3D Printer', '150-300 mm', 'Box',' Creality'),
  ('4567890130751', '3D Printer', '150-300 mm', 'Box',' Prusa'),
  ('4567890130822', '3D Printer', '150-300 mm', 'Box',' Anycubic'),
  ('4567890130894', 'Streaming Media Player', '1080p-4K', 'Box',' Roku'),
  ('4567890130966', 'Streaming Media Player', '1080p-4K', 'Box',' Amazon (Fire TV)'),
  ('4567890131038', 'Streaming Media Player', '1080p-4K', 'Box',' Apple TV'),
  ('4567890131111', 'Bluetooth Neckband Headphones', '6-20 hours', 'Box',' Sony'),
  ('4567890131184', 'Bluetooth Neckband Headphones', '6-20 hours', 'Box',' Bose'),
  ('4567890131257', 'Bluetooth Neckband Headphones', '6-20 hours', 'Box',' JBL'),
  ('4567890131331', 'Electric Toothbrush', '10-25 miles', 'Box',' Oral-B (Braun)'),
  ('4567890131405', 'Electric Toothbrush', '10-25 miles', 'Box',' Philips Sonicare'),
  ('4567890131479', 'Electric Toothbrush', '10-25 miles', 'Box',' Colgate'),
  ('4567890131554', 'Wireless Gaming Controller', '3-12 hours', 'Box',' Xbox (Microsoft)'),
  ('4567890131629', 'Wireless Gaming Controller', '3-12 hours', 'Box',' DualShock (Sony)'),
  ('4567890131705', 'Wireless Charger for Car', '4-12 hours', 'Box',' Anker'),
  ('4567890131781', 'Wireless Charger for Car', '4-12 hours', 'Box',' Nulaxy'),
  ('4567890131857', 'Wireless Charger for Car', '4-12 hours', 'Box',' Roav (by Anker)'),
  ('4567890131934', 'Gaming Laptop Cooling Pad', 'Dedicated GPU', 'Box',' Havit'),
  ('4567890132011', 'Gaming Laptop Cooling Pad', 'Dedicated GPU', 'Box',' Kootek'),
  ('4567890132088', 'Gaming Laptop Cooling Pad', 'Dedicated GPU', 'Box',' TopMate'),
  ('4567890132166', 'Wireless Presenter', '800-4,000 DPI', 'Box',' Logitech'),
  ('4567890132244', 'Wireless Presenter', '800-4,000 DPI', 'Box',' Targus'),
  ('4567890132322', 'Wireless Presenter', '800-4,000 DPI', 'Box',' Kensington'),
  ('4567890132401', 'Smart Light Strip', '600-1,200 lumens', 'Box',' Philips Hue'),
  ('4567890132480', 'Smart Light Strip', '600-1,200 lumens', 'Box',' LIFX'),
  ('4567890132559', 'Smart Light Strip', '600-1,200 lumens', 'Box',' Govee'),
  ('4567890132639', 'Gaming Desk', '48-72 inches', 'Box',' RESPAWN'),
  ('4567890132719', 'Gaming Desk', '48-72 inches', 'Box',' GT Racing'),
  ('4567890132799', 'Gaming Desk', '48-72 inches', 'Box',' Homall'),
  ('4567890132880', 'Bluetooth Speaker with Built-In Mic', '6-20 hours', 'Box',' JBL'),
  ('4567890132961', 'Bluetooth Speaker with Built-In Mic', '6-20 hours', 'Box',' UE'),
  ('4567890133042', 'Bluetooth Speaker with Built-In Mic', '6-20 hours', 'Box',' Bose'),
  ('4567890133124', 'Electric Kettle', '2-10 Km', 'Box',' Hamilton Beach'),
  ('4567890133206', 'Electric Kettle', '2-10 Km', 'Box',' Breville'),
  ('4567890133288', 'Electric Kettle', '2-10 Km', 'Box',' Cuisinart'),
  ('4567890133371', 'Wireless Charging Dock', '5-15 watts', 'Box',' Apple'),
  ('4567890133454', 'Wireless Charging Dock', '5-15 watts', 'Box',' Samsung'),
  ('4567890133537', 'Wireless Charging Dock', '5-15 watts', 'Box',' Anker'),
  ('4567890133621', 'Gaming Monitor', '60-240 Hz', 'Box',' ASUS'),
  ('4567890133705', 'Gaming Monitor', '60-240 Hz', 'Box',' Acer'),
  ('4567890133789', 'Gaming Monitor', '60-240 Hz', 'Box',' MSI'),
  ('4567890133874', 'Smart Video Doorbell', '1080p-4K', 'Box',' Ring (Amazon)'),
  ('4567890133959', 'Smart Video Doorbell', '1080p-4K', 'Box',' Nest (Google)'),
  ('4567890134045', 'Wireless Charging Pad for Apple Watch', '5-15 watts', 'Box',' Belkin'),
  ('4567890134131', 'Wireless Charging Pad for Apple Watch', '5-15 watts', 'Box',' Anker'),
  ('4567890134217', 'Wireless Charging Pad for Apple Watch', '5-15 watts', 'Box',' Samsung'),
  ('4567890134304', 'Bluetooth Keyboard for iPad', 'Membrane', 'Box',' Logitech'),
  ('4567890134391', 'Bluetooth Keyboard for iPad', 'Membrane', 'Box',' Apple'),
  ('4567890134478', 'Bluetooth Keyboard for iPad', 'Membrane', 'Box',' Brydge'),
  ('4567890134566', 'Portable Bluetooth Speaker with Microphone', '6-20 hours', 'Box',' JBL'),
  ('4567890134654', 'Portable Bluetooth Speaker with Microphone', '6-20 hours', 'Box',' UE'),
  ('4567890134742', 'Portable Bluetooth Speaker with Microphone', '6-20 hours', 'Box',' Bose'),
  ('4567890134831', 'Wireless Charging Stand for iPhone', '5-15 watts', 'Box',' Belkin'),
  ('4567890134920', 'Wireless Charging Stand for iPhone', '5-15 watts', 'Box',' Anker'),
  ('4567890135009', 'Wireless Charging Stand for iPhone', '5-15 watts', 'Box',' Samsung'),
  ('4567890135099', 'Smart Wi-Fi Camera', 'Yes', 'Box',' Arlo (Netgear)'),
  ('4567890135189', 'Smart Wi-Fi Camera', 'Yes', 'Box',' Nest (Google)'),
  ('4567890135279', 'Smart Wi-Fi Camera', 'Yes', 'Box',' Ring (Amazon)'),
  ('4567890135370', 'External DVD Drive', '6-7 inches', 'Box',' LG'),
  ('4567890135461', 'External DVD Drive', '6-7 inches', 'Box',' ASUS'),
  ('4567890135552', 'External DVD Drive', '6-7 inches', 'Box',' Pioneer'),
  ('4567890135644', 'Electric Toothbrush Replacement Heads', '10-25 miles', 'Box',' Oral-B (Braun)'),
  ('4567890135736', 'Electric Toothbrush Replacement Heads', '10-25 miles', 'Box',' Philips Sonicare'),
  ('4567890135828', 'Electric Toothbrush Replacement Heads', '10-25 miles', 'Box',' Colgate'),
  ('4567890135921', 'Noise-Canceling Bluetooth Earbuds', '24-34 inches', 'Box',' Sony'),
  ('4567890136014', 'Noise-Canceling Bluetooth Earbuds', '24-34 inches', 'Box',' Bose'),
  ('4567890136107', 'Noise-Canceling Bluetooth Earbuds', '24-34 inches', 'Box',' Sennheiser'),
  ('4567890136201', 'Mesh Wi-Fi System', 'Mechanical', 'Box',' Google (Nest)'),
  ('4567890136295', 'Mesh Wi-Fi System', 'Mechanical', 'Box',' Netgear'),
  ('4567890136389', 'Mesh Wi-Fi System', 'Mechanical', 'Box',' Linksys'),
  ('4567890136484', 'Wi-Fi Smart Plug', '1,500-4,000 sq. ft.', 'Box',' TP-Link'),
  ('4567890136579', 'Wi-Fi Smart Plug', '1,500-4,000 sq. ft.', 'Box',' Amazon (Amazon Smart Plug)'),
  ('4567890136675', 'Gaming Keyboard and Mouse Combo', 'Mechanical', 'Box',' Corsair'),
  ('4567890136771', 'Gaming Keyboard and Mouse Combo', 'Mechanical', 'Box',' Logitech'),
  ('4567890136867', 'Gaming Keyboard and Mouse Combo', 'Mechanical', 'Box',' Razer'),
  ('4567890136964', 'Wireless Presenter with Laser Pointer', '800-4,000 DPI', 'Box',' Logitech'),
  ('4567890137061', 'Wireless Presenter with Laser Pointer', '800-4,000 DPI', 'Box',' Targus'),
  ('4567890137158', 'Wireless Presenter with Laser Pointer', '800-4,000 DPI', 'Box',' Kensington'),
  ('4567890137256', 'Smart Plug with Energy Monitoring', 'Common Compatibility', 'Box',' TP-Link'),
  ('4567890137354', 'Smart Plug with Energy Monitoring', 'Common Compatibility', 'Box',' Amazon (Amazon Smart Plug)'),
  ('4567890137453', 'Electric Pressure Cooker', '2-10 Km', 'Box',' Instant Pot'),
  ('4567890137552', 'Electric Pressure Cooker', '2-10 Km', 'Box',' Crock-Pot'),
  ('4567890137651', 'Electric Pressure Cooker', '2-10 Km', 'Box',' Ninja'),
  ('4567890137751', 'Gaming Keyboard with RGB Lighting', 'Mechanical', 'Box',' Corsair'),
  ('4567890137851', 'Gaming Keyboard with RGB Lighting', 'Mechanical', 'Box',' Logitech'),
  ('4567890137951', 'Gaming Keyboard with RGB Lighting', 'Mechanical', 'Box',' Razer'),
  ('4567890138052', 'Wireless Car Charger', '4-12 hours', 'Box',' Anker'),
  ('4567890138153', 'Wireless Car Charger', '4-12 hours', 'Box',' iOttie'),
  ('4567890138254', 'Wireless Car Charger', '4-12 hours', 'Box',' Samsung'),
  ('4567890138356', 'LED Desk Lamp', '1.8-4.2 GHz', 'Box',' TaoTronics'),
  ('4567890138458', 'LED Desk Lamp', '1.8-4.2 GHz', 'Box',' BenQ'),
  ('4567890138560', 'LED Desk Lamp', '1.8-4.2 GHz', 'Box',' Anker'),
  ('4567890138663', 'Gaming Headset with Microphone', 'Common Compatibility', 'Box',' SteelSeries'),
  ('4567890138766', 'Gaming Headset with Microphone', 'Common Compatibility', 'Box',' HyperX'),
  ('4567890138869', 'Gaming Headset with Microphone', 'Common Compatibility', 'Box',' Corsair'),
  ('4567890138973', 'Smart Light Switch', 'Common Compatibility', 'Box',' TP-Link'),
  ('4567890139077', 'Smart Light Switch', 'Common Compatibility', 'Box',' Lutron'),
  ('4567890139181', 'Smart Light Switch', 'Common Compatibility', 'Box',' Leviton'),
  ('4567890139286', 'Wireless Keyboard for Mac', '30-100 ft.', 'Box',' Logitech'),
  ('4567890139391', 'Wireless Keyboard for Mac', '30-100 ft.', 'Box',' Apple'),
  ('4567890139496', 'Wireless Keyboard for Mac', '30-100 ft.', 'Box',' Matias'),
  ('4567890139602', 'Portable Bluetooth Speaker with FM Radio', '6-20 hours', 'Box',' JBL'),
  ('4567890139708', 'Portable Bluetooth Speaker with FM Radio', '6-20 hours', 'Box',' UE'),
  ('4567890139814', 'Portable Bluetooth Speaker with FM Radio', '6-20 hours', 'Box',' Bose'),
  ('4567890139921', 'Wireless Charging Mouse Pad', '5-15 watts', 'Box',' Belkin'),
  ('4567890140028', 'Wireless Charging Mouse Pad', '5-15 watts', 'Box',' Corsair'),
  ('4567890140135', 'Wireless Charging Mouse Pad', '5-15 watts', 'Box',' Razer'),
  ('4567890140243', 'Air Purifier', '1080p-4K', 'Box',' Dyson'),
  ('4567890140351', 'Air Purifier', '1080p-4K', 'Box',' Honeywell'),
  ('4567890140459', 'Air Purifier', '1080p-4K', 'Box',' Levoit'),
  ('4567890140568', 'External Solid State Drive (SSD)', '1-8 TB', 'Box',' Samsung'),
  ('4567890140677', 'External Solid State Drive (SSD)', '1-8 TB', 'Box',' SanDisk'),
  ('4567890140786', 'External Solid State Drive (SSD)', '1-8 TB', 'Box',' Crucial'),
  ('4567890140896', 'Bluetooth Game Controller for Android', 'Common Compatibility', 'Box',' Xbox (Microsoft)'),
  ('4567890141006', 'Bluetooth Game Controller for Android', 'Common Compatibility', 'Box',' SteelSeries'),
  ('4567890141116', 'Bluetooth Game Controller for Android', 'Common Compatibility', 'Box',' Razer'),
  ('4567890141227', 'Compact Refrigerator', '16-24 MP', 'Box',' Danby'),
  ('4567890141338', 'Compact Refrigerator', '16-24 MP', 'Box',' Frigidaire'),
  ('4567890141449', 'Compact Refrigerator', '16-24 MP', 'Box',' RCA'),
  ('4567890141561', 'Wireless Charging Stand for Apple Watch', '5-15 watts', 'Box',' Belkin'),
  ('4567890141673', 'Wireless Charging Stand for Apple Watch', '5-15 watts', 'Box',' Anker'),
  ('4567890141785', 'Wireless Charging Stand for Apple Watch', '5-15 watts', 'Box',' Samsung'),
  ('4567890141898', 'Gaming Mouse', '4,000-16,000 DPI', 'Box',' Logitech'),
  ('4567890142011', 'Gaming Mouse', '4,000-16,000 DPI', 'Box',' Razer'),
  ('4567890142124', 'Gaming Mouse', '4,000-16,000 DPI', 'Box',' SteelSeries'),
  ('4567890142238', 'Smart Plug with USB Ports', 'Common Compatibility', 'Box',' TP-Link'),
  ('4567890142352', 'Smart Plug with USB Ports', 'Common Compatibility', 'Box',' Amazon (Amazon Smart Plug)'),
  ('4567890142467', 'Handheld Vacuum Cleaner', 'Common Compatibility', 'Box',' Dyson'),
  ('4567890142582', 'Handheld Vacuum Cleaner', 'Common Compatibility', 'Box',' Black+Decker'),
  ('4567890142697', 'Handheld Vacuum Cleaner', 'Common Compatibility', 'Box',' Shark'),
  ('4567890142813', 'Wireless Mechanical Gaming Keyboard', '30-100 ft.', 'Box',' Corsair'),
  ('4567890142929', 'Wireless Mechanical Gaming Keyboard', '30-100 ft.', 'Box',' Logitech'),
  ('4567890143045', 'Wireless Mechanical Gaming Keyboard', '30-100 ft.', 'Box',' SteelSeries'),
  ('4567890143162', 'Espresso Machine', '6-7 inches', 'Box',' Breville'),
  ('4567890143279', 'Espresso Machine', '6-7 inches', 'Box',' DeLonghi'),
  ('4567890143396', 'Espresso Machine', '6-7 inches', 'Box',' Nespresso'),
  ('4567890143514', 'Portable Bluetooth Speaker', '6-20 hours', 'Box',' JBL'),
  ('4567890143632', 'Portable Bluetooth Speaker', '6-20 hours', 'Box',' UE'),
  ('4567890143750', 'Portable Bluetooth Speaker', '6-20 hours', 'Box',' Bose'),
  ('4567890143869', 'Smart Door Lock', 'Common Compatibility', 'Box',' August'),
  ('4567890143988', 'Smart Door Lock', 'Common Compatibility', 'Box',' Schlage'),
  ('4567890144107', 'Smart Door Lock', 'Common Compatibility', 'Box',' Yale'),
  ('4567890144227', 'Electric Blanket', '2-10 Km', 'Box',' Sunbeam'),
  ('4567890144347', 'Electric Blanket', '2-10 Km', 'Box',' Biddeford'),
  ('4567890144467', 'Electric Blanket', '2-10 Km', 'Box',' Pure Warmth'),
  ('4567890144588', 'Wireless Gaming Keyboard', '3-12 hours', 'Box',' Logitech'),
  ('4567890144709', 'Wireless Gaming Keyboard', '3-12 hours', 'Box',' Corsair'),
  ('4567890144830', 'Wireless Gaming Keyboard', '3-12 hours', 'Box',' Razer'),
  ('4567890144952', 'Bluetooth Keyboard for Mac', 'Membrane', 'Box',' Logitech'),
  ('4567890145074', 'Bluetooth Keyboard for Mac', 'Membrane', 'Box',' Apple'),
  ('4567890145196', 'Bluetooth Keyboard for Mac', 'Membrane', 'Box',' Matias'),
  ('4567890145319', 'USB-C Hub', '16-512 GB', 'Box',' Anker'),
  ('4567890145442', 'USB-C Hub', '16-512 GB', 'Box',' Satechi'),
  ('4567890145565', 'USB-C Hub', '16-512 GB', 'Box',' HyperDrive'),
  ('4567890145689', 'Wireless Earbuds', '4-12 hours', 'Box',' Apple (AirPods)'),
  ('4567890145813', 'Wireless Earbuds', '4-12 hours', 'Box',' Samsung'),
  ('4567890145937', 'Wireless Earbuds', '4-12 hours', 'Box',' Sony'),
  ('4567890146062', 'Robotic Vacuum Cleaner', '1,500-2,500 Pa', 'Box',' Roomba (iRobot)'),
  ('4567890146187', 'Robotic Vacuum Cleaner', '1,500-2,500 Pa', 'Box',' Shark'),
  ('4567890146312', 'Robotic Vacuum Cleaner', '1,500-2,500 Pa', 'Box',' Eufy (Anker)'),
  ('4567890146438', 'Smart Speaker', '300-500 lbs', 'Box',' Amazon (Echo)'),
  ('4567890146564', 'Smart Speaker', '300-500 lbs', 'Box',' Google (Nest)'),
  ('4567890146690', 'Smart Speaker', '300-500 lbs', 'Box',' Apple (HomePod)'),
  ('4567890146817', 'External Hard Drive', '1-8 TB', 'Box',' Western Digital'),
  ('4567890146944', 'External Hard Drive', '1-8 TB', 'Box',' Seagate'),
  ('4567890147071', 'External Hard Drive', '1-8 TB', 'Box',' Toshiba'),
  ('4567890147199', 'Wireless Gaming Headset', '3-12 hours', 'Box',' SteelSeries'),
  ('4567890147327', 'Wireless Gaming Headset', '3-12 hours', 'Box',' HyperX'),
  ('4567890147455', 'Wireless Gaming Headset', '3-12 hours', 'Box',' Corsair'),
  ('4567890147584', 'Smart Thermostat', '50-90°F', 'Box',' Nest (Google)'),
  ('4567890147713', 'Smart Thermostat', '50-90°F', 'Box',' Ecobee'),
  ('4567890147842', 'Smart Thermostat', '50-90°F', 'Box',' Honeywell'),
  ('4567890147972', 'Wireless Charging Pad for iPhone and Apple Watch', '5-15 watts', 'Box',' Belkin'),
  ('4567890148102', 'Wireless Charging Pad for iPhone and Apple Watch', '5-15 watts', 'Box',' Anker'),
  ('4567890148232', 'Wireless Charging Pad for iPhone and Apple Watch', '5-15 watts', 'Box',' Samsung'),
  ('4567890148363', 'Electric Razor', '2-10 Km', 'Box',' Braun'),
  ('4567890148494', 'Electric Razor', '2-10 Km', 'Box',' Philips Norelco'),
  ('4567890148625', 'Electric Razor', '2-10 Km', 'Box',' Panasonic'),
  ('4567890148757', 'Wireless Earbuds with Noise-Canceling', '3-12 hours', 'Box',' Sony'),
  ('4567890148889', 'Wireless Earbuds with Noise-Canceling', '3-12 hours', 'Box',' Bose'),
  ('4567890149021', 'Wireless Earbuds with Noise-Canceling', '3-12 hours', 'Box',' Sennheiser'),
  ('4567890149154', 'Smart Lock', 'Common Compatibility', 'Box',' August'),
  ('4567890149287', 'Smart Lock', 'Common Compatibility', 'Box',' Schlage'),
  ('4567890149420', 'Smart Lock', 'Common Compatibility', 'Box',' Yale'),
  ('4567890149554', 'Wireless Charging Mouse Pad', '5-15 watts', 'Box',' Belkin'),
  ('4567890149688', 'Wireless Charging Mouse Pad', '5-15 watts', 'Box',' Corsair'),
  ('4567890149822', 'Wireless Charging Mouse Pad', '5-15 watts', 'Box',' Razer'),
  ('4567890149957', 'Espresso Machine', '6-7 inches', 'Box',' Breville'),
  ('4567890150092', 'Espresso Machine', '6-7 inches', 'Box',' DeLonghi'),
  ('4567890150227', 'Espresso Machine', '6-7 inches', 'Box',' Nespresso'),
  ('4567890150363', 'Portable Bluetooth Speaker', '6-20 hours', 'Box',' JBL'),
  ('4567890150499', 'Portable Bluetooth Speaker', '6-20 hours', 'Box',' UE'),
  ('4567890150635', 'Portable Bluetooth Speaker', '6-20 hours', 'Box',' Bose'),
  ('4567890150772', 'Smart Door Lock', 'Common Compatibility', 'Box',' August'),
  ('4567890150909', 'Smart Door Lock', 'Common Compatibility', 'Box',' Schlage'),
  ('4567890151046', 'Smart Door Lock', 'Common Compatibility', 'Box',' Yale'),
  ('4567890151184', 'Electric Blanket', '2-10 Km', 'Box',' Sunbeam'),
  ('4567890151322', 'Electric Blanket', '2-10 Km', 'Box',' Biddeford'),
  ('4567890151460', 'Electric Blanket', '2-10 Km', 'Box',' Pure Warmth'),
  ('4567890151599', 'Wireless Gaming Keyboard', '3-12 hours', 'Box',' Logitech'),
  ('4567890151738', 'Wireless Gaming Keyboard', '3-12 hours', 'Box',' Corsair'),
  ('4567890151877', 'Wireless Gaming Keyboard', '3-12 hours', 'Box',' Razer'),
  ('4567890152017', 'Bluetooth Keyboard for Mac', 'Membrane', 'Box',' Logitech'),
  ('4567890152157', 'Bluetooth Keyboard for Mac', 'Membrane', 'Box',' Apple'),
  ('4567890152297', 'Bluetooth Keyboard for Mac', 'Membrane', 'Box',' Matias'),
  ('4567890152438', 'USB-C Hub', '16-512 GB', 'Box',' Anker'),
  ('4567890152579', 'USB-C Hub', '16-512 GB', 'Box',' Satechi'),
  ('4567890152720', 'USB-C Hub', '16-512 GB', 'Box',' HyperDrive'),
  ('4567890152862', 'Wireless Earbuds', '4-12 hours', 'Box',' Apple (AirPods)'),
  ('4567890153004', 'Wireless Earbuds', '4-12 hours', 'Box',' Samsung'),
  ('4567890153146', 'Wireless Earbuds', '4-12 hours', 'Box',' Sony'),
  ('4567890153289', 'Robotic Vacuum Cleaner', '1,500-2,500 Pa', 'Box',' Roomba (iRobot)'),
  ('4567890153432', 'Robotic Vacuum Cleaner', '1,500-2,500 Pa', 'Box',' Shark'),
  ('4567890153575', 'Robotic Vacuum Cleaner', '1,500-2,500 Pa', 'Box',' Eufy (Anker)'),
  ('4567890153719', 'Smart Speaker', '300-500 lbs', 'Box',' Amazon (Echo)'),
  ('4567890153863', 'Smart Speaker', '300-500 lbs', 'Box',' Google (Nest)'),
  ('4567890154007', 'Smart Speaker', '300-500 lbs', 'Box',' Apple (HomePod)'),
  ('4567890154152', 'External Hard Drive', '1-8 TB', 'Box',' Western Digital'),
  ('4567890154297', 'External Hard Drive', '1-8 TB', 'Box',' Seagate'),
  ('4567890154442', 'External Hard Drive', '1-8 TB', 'Box',' Toshiba'),
  ('4567890154588', 'Wireless Gaming Headset', '3-12 hours', 'Box',' SteelSeries'),
  ('4567890154734', 'Wireless Gaming Headset', '3-12 hours', 'Box',' HyperX'),
  ('4567890154880', 'Wireless Gaming Headset', '3-12 hours', 'Box',' Corsair'),
  ('4567890155027', 'Smart Thermostat', '50-90°F', 'Box',' Nest (Google)'),
  ('4567890155174', 'Smart Thermostat', '50-90°F', 'Box',' Ecobee'),
  ('4567890155321', 'Smart Thermostat', '50-90°F', 'Box',' Honeywell'),
  ('4567890155469', 'Wireless Charging Pad for iPhone and Apple Watch', '5-15 watts', 'Box',' Belkin'),
  ('4567890155617', 'Wireless Charging Pad for iPhone and Apple Watch', '5-15 watts', 'Box',' Anker'),
  ('4567890155765', 'Wireless Charging Pad for iPhone and Apple Watch', '5-15 watts', 'Box',' Samsung'),
  ('4567890155914', 'Electric Razor', '2-10 Km', 'Box',' Braun'),
  ('4567890156063', 'Electric Razor', '2-10 Km', 'Box',' Philips Norelco'),
  ('4567890156212', 'Electric Razor', '2-10 Km', 'Box',' Panasonic'),
  ('4567890156362', 'Wireless Earbuds with Noise-Canceling', '3-12 hours', 'Box',' Sony'),
  ('4567890156512', 'Wireless Earbuds with Noise-Canceling', '3-12 hours', 'Box',' Bose'),
  ('4567890156662', 'Wireless Earbuds with Noise-Canceling', '3-12 hours', 'Box',' Sennheiser');


INSERT INTO Categorias(categoria)
  VALUES
  ('4567890123467', 3),
  ('4567890123468', 3),
  ('4567890123469', 3),
  ('4567890123471', 3),
  ('4567890123473', 3),
  ('4567890123475', 3),
  ('4567890123478', 3),
  ('4567890123481', 3),
  ('4567890123484', 3),
  ('4567890123488', 3),
  ('4567890123492', 3),
  ('4567890123496', 3),
  ('4567890123501', 3),
  ('4567890123506', 3),
  ('4567890123511', 3),
  ('4567890123517', 3),
  ('4567890123523', 3),
  ('4567890123529', 3),
  ('4567890123536', 3),
  ('4567890123543', 3),
  ('4567890123550', 3),
  ('4567890123558', 1),
  ('4567890123566', 1),
  ('4567890123574', 1),
  ('4567890123583', 3),
  ('4567890123592', 3),
  ('4567890123602', 3),
  ('4567890123612', 3),
  ('4567890123622', 3),
  ('4567890123633', 1),
  ('4567890123644', 1),
  ('4567890123655', 1),
  ('4567890123667', 3),
  ('4567890123679', 3),
  ('4567890123692', 13),
  ('4567890123705', 13),
  ('4567890123718', 13),
  ('4567890123732', 3),
  ('4567890123746', 3),
  ('4567890123760', 3),
  ('4567890123775', 7),
  ('4567890123790', 7),
  ('4567890123806', 3),
  ('4567890123822', 3),
  ('4567890123838', 3),
  ('4567890123855', 1),
  ('4567890123872', 1),
  ('4567890123889', 1),
  ('4567890123907', 12),
  ('4567890123925', 12),
  ('4567890123944', 9),
  ('4567890123963', 9),
  ('4567890123982', 9),
  ('4567890124002', 5),
  ('4567890124022', 5),
  ('4567890124042', 5),
  ('4567890124063', 10),
  ('4567890124084', 10),
  ('4567890124105', 10),
  ('4567890124127', 12),
  ('4567890124149', 12),
  ('4567890124172', 6),
  ('4567890124195', 6),
  ('4567890124218', 6),
  ('4567890124242', 6),
  ('4567890124266', 6),
  ('4567890124291', 12),
  ('4567890124316', 12),
  ('4567890124341', 12),
  ('4567890124367', 8),
  ('4567890124393', 8),
  ('4567890124419', 8),
  ('4567890124446', 4),
  ('4567890124473', 4),
  ('4567890124500', 4),
  ('4567890124528', 2),
  ('4567890124556', 2),
  ('4567890124584', 2),
  ('4567890124613', 3),
  ('4567890124642', 3),
  ('4567890124672', 1),
  ('4567890124702', 1),
  ('4567890124732', 1),
  ('4567890124763', 5),
  ('4567890124794', 5),
  ('4567890124825', 5),
  ('4567890124857', 5),
  ('4567890124889', 5),
  ('4567890124921', 5),
  ('4567890124954', 8),
  ('4567890124987', 8),
  ('4567890125020', 8),
  ('4567890125054', 7),
  ('4567890125088', 7),
  ('4567890125122', 7),
  ('4567890125157', 1),
  ('4567890125192', 1),
  ('4567890125227', 1),
  ('4567890125263', 12),
  ('4567890125299', 12),
  ('4567890125336', 10),
  ('4567890125373', 10),
  ('4567890125410', 10),
  ('4567890125448', 10),
  ('4567890125486', 10),
  ('4567890125524', 10),
  ('4567890125563', 8),
  ('4567890125602', 8),
  ('4567890125641', 8),
  ('4567890125681', 5),
  ('4567890125721', 5),
  ('4567890125762', 13),
  ('4567890125803', 13),
  ('4567890125844', 13),
  ('4567890125886', 2),
  ('4567890125928', 2),
  ('4567890125970', 2),
  ('4567890126013', 12),
  ('4567890126056', 12),
  ('4567890126099', 12),
  ('4567890126143', 1),
  ('4567890126187', 1),
  ('4567890126231', 1),
  ('4567890126276', 4),
  ('4567890126321', 4),
  ('4567890126366', 4),
  ('4567890126412', 9),
  ('4567890126458', 9),
  ('4567890126504', 9),
  ('4567890126551', 3),
  ('4567890126598', 3),
  ('4567890126645', 3),
  ('4567890126693', 12),
  ('4567890126741', 12),
  ('4567890126789', 12),
  ('4567890126838', 5),
  ('4567890126887', 5),
  ('4567890126936', 5),
  ('4567890126986', 4),
  ('4567890127036', 4),
  ('4567890127086', 4),
  ('4567890127137', 4),
  ('4567890127188', 4),
  ('4567890127239', 4),
  ('4567890127291', 8),
  ('4567890127343', 8),
  ('4567890127395', 8),
  ('4567890127448', 5),
  ('4567890127501', 5),
  ('4567890127555', 12),
  ('4567890127609', 12),
  ('4567890127664', 1),
  ('4567890127719', 1),
  ('4567890127774', 1),
  ('4567890127830', 4),
  ('4567890127886', 4),
  ('4567890127942', 4),
  ('4567890127999', 10),
  ('4567890128056', 10),
  ('4567890128113', 10),
  ('4567890128171', 4),
  ('4567890128229', 4),
  ('4567890128287', 4),
  ('4567890128346', 1),
  ('4567890128405', 1),
  ('4567890128464', 1),
  ('4567890128524', 4),
  ('4567890128584', 4),
  ('4567890128644', 4),
  ('4567890128705', 5),
  ('4567890128766', 5),
  ('4567890128827', 5),
  ('4567890128889', 1),
  ('4567890128951', 1),
  ('4567890129013', 1),
  ('4567890129076', 12),
  ('4567890129139', 12),
  ('4567890129202', 12),
  ('4567890129266', 12),
  ('4567890129330', 12),
  ('4567890129394', 12),
  ('4567890129459', 10),
  ('4567890129524', 10),
  ('4567890129589', 10),
  ('4567890129655', 7),
  ('4567890129721', 7),
  ('4567890129787', 7),
  ('4567890129854', 4),
  ('4567890129921', 4),
  ('4567890129988', 4),
  ('4567890130056', 5),
  ('4567890130124', 5),
  ('4567890130192', 5),
  ('4567890130261', 7),
  ('4567890130330', 7),
  ('4567890130399', 7),
  ('4567890130469', 4),
  ('4567890130539', 4),
  ('4567890130609', 4),
  ('4567890130680', 3),
  ('4567890130751', 3),
  ('4567890130822', 3),
  ('4567890130894', 3),
  ('4567890130966', 3),
  ('4567890131038', 3),
  ('4567890131111', 1),
  ('4567890131184', 1),
  ('4567890131257', 1),
  ('4567890131331', 11),
  ('4567890131405', 11),
  ('4567890131479', 11),
  ('4567890131554', 5),
  ('4567890131629', 5),
  ('4567890131705', 4),
  ('4567890131781', 4),
  ('4567890131857', 4),
  ('4567890131934', 5),
  ('4567890132011', 5),
  ('4567890132088', 5),
  ('4567890132166', 10),
  ('4567890132244', 10),
  ('4567890132322', 10),
  ('4567890132401', 12),
  ('4567890132480', 12),
  ('4567890132559', 12),
  ('4567890132639', 5),
  ('4567890132719', 5),
  ('4567890132799', 5),
  ('4567890132880', 1),
  ('4567890132961', 1),
  ('4567890133042', 1),
  ('4567890133124', 6),
  ('4567890133206', 6),
  ('4567890133288', 6),
  ('4567890133371', 8),
  ('4567890133454', 8),
  ('4567890133537', 8),
  ('4567890133621', 3),
  ('4567890133705', 3),
  ('4567890133789', 3),
  ('4567890133874', 12),
  ('4567890133959', 12),
  ('4567890134045', 8),
  ('4567890134131', 8),
  ('4567890134217', 8),
  ('4567890134304', 10),
  ('4567890134391', 10),
  ('4567890134478', 10),
  ('4567890134566', 4),
  ('4567890134654', 4),
  ('4567890134742', 4),
  ('4567890134831', 8),
  ('4567890134920', 8),
  ('4567890135009', 8),
  ('4567890135099', 12),
  ('4567890135189', 12),
  ('4567890135279', 12),
  ('4567890135370', 10),
  ('4567890135461', 10),
  ('4567890135552', 10),
  ('4567890135644', 11),
  ('4567890135736', 11),
  ('4567890135828', 11),
  ('4567890135921', 1),
  ('4567890136014', 1),
  ('4567890136107', 1),
  ('4567890136201', 9),
  ('4567890136295', 9),
  ('4567890136389', 9),
  ('4567890136484', 12),
  ('4567890136579', 12),
  ('4567890136675', 5),
  ('4567890136771', 5),
  ('4567890136867', 5),
  ('4567890136964', 10),
  ('4567890137061', 10),
  ('4567890137158', 10),
  ('4567890137256', 12),
  ('4567890137354', 12),
  ('4567890137453', 6),
  ('4567890137552', 6),
  ('4567890137651', 6),
  ('4567890137751', 5),
  ('4567890137851', 5),
  ('4567890137951', 5),
  ('4567890138052', 8),
  ('4567890138153', 8),
  ('4567890138254', 8),
  ('4567890138356', 6),
  ('4567890138458', 6),
  ('4567890138560', 6),
  ('4567890138663', 5),
  ('4567890138766', 5),
  ('4567890138869', 5),
  ('4567890138973', 12),
  ('4567890139077', 12),
  ('4567890139181', 12),
  ('4567890139286', 10),
  ('4567890139391', 10),
  ('4567890139496', 10),
  ('4567890139602', 1),
  ('4567890139708', 1),
  ('4567890139814', 1),
  ('4567890139921', 10),
  ('4567890140028', 10),
  ('4567890140135', 10),
  ('4567890140243', 6),
  ('4567890140351', 6),
  ('4567890140459', 6),
  ('4567890140568', 10),
  ('4567890140677', 10),
  ('4567890140786', 10),
  ('4567890140896', 5),
  ('4567890141006', 5),
  ('4567890141116', 5),
  ('4567890141227', 6),
  ('4567890141338', 6),
  ('4567890141449', 6),
  ('4567890141561', 8),
  ('4567890141673', 8),
  ('4567890141785', 8),
  ('4567890141898', 5),
  ('4567890142011', 5),
  ('4567890142124', 5),
  ('4567890142238', 12),
  ('4567890142352', 12),
  ('4567890142467', 6),
  ('4567890142582', 6),
  ('4567890142697', 6),
  ('4567890142813', 5),
  ('4567890142929', 5),
  ('4567890143045', 5),
  ('4567890143162', 6),
  ('4567890143279', 6),
  ('4567890143396', 6),
  ('4567890143514', 1),
  ('4567890143632', 1),
  ('4567890143750', 1),
  ('4567890143869', 12),
  ('4567890143988', 12),
  ('4567890144107', 12),
  ('4567890144227', 6),
  ('4567890144347', 6),
  ('4567890144467', 6),
  ('4567890144588', 5),
  ('4567890144709', 5),
  ('4567890144830', 5),
  ('4567890144952', 10),
  ('4567890145074', 10),
  ('4567890145196', 10),
  ('4567890145319', 10),
  ('4567890145442', 10),
  ('4567890145565', 10),
  ('4567890145689', 1),
  ('4567890145813', 1),
  ('4567890145937', 1),
  ('4567890146062', 6),
  ('4567890146187', 6),
  ('4567890146312', 6),
  ('4567890146438', 1),
  ('4567890146564', 1),
  ('4567890146690', 1),
  ('4567890146817', 10),
  ('4567890146944', 10),
  ('4567890147071', 10),
  ('4567890147199', 5),
  ('4567890147327', 5),
  ('4567890147455', 5),
  ('4567890147584', 12),
  ('4567890147713', 12),
  ('4567890147842', 12),
  ('4567890147972', 8),
  ('4567890148102', 8),
  ('4567890148232', 8),
  ('4567890148363', 11),
  ('4567890148494', 11),
  ('4567890148625', 11),
  ('4567890148757', 1),
  ('4567890148889', 1),
  ('4567890149021', 1),
  ('4567890149154', 12),
  ('4567890149287', 12),
  ('4567890149420', 12),
  ('4567890149554', 10),
  ('4567890149688', 10),
  ('4567890149822', 10),
  ('4567890149957', 6),
  ('4567890150092', 6),
  ('4567890150227', 6),
  ('4567890150363', 1),
  ('4567890150499', 1),
  ('4567890150635', 1),
  ('4567890150772', 12),
  ('4567890150909', 12),
  ('4567890151046', 12),
  ('4567890151184', 6),
  ('4567890151322', 6),
  ('4567890151460', 6),
  ('4567890151599', 5),
  ('4567890151738', 5),
  ('4567890151877', 5),
  ('4567890152017', 10),
  ('4567890152157', 10),
  ('4567890152297', 10),
  ('4567890152438', 10),
  ('4567890152579', 10),
  ('4567890152720', 10),
  ('4567890152862', 1),
  ('4567890153004', 1),
  ('4567890153146', 1),
  ('4567890153289', 6),
  ('4567890153432', 6),
  ('4567890153575', 6),
  ('4567890153719', 1),
  ('4567890153863', 1),
  ('4567890154007', 1),
  ('4567890154152', 10),
  ('4567890154297', 10),
  ('4567890154442', 10),
  ('4567890154588', 5),
  ('4567890154734', 5),
  ('4567890154880', 5),
  ('4567890155027', 12),
  ('4567890155174', 12),
  ('4567890155321', 12),
  ('4567890155469', 8),
  ('4567890155617', 8),
  ('4567890155765', 8),
  ('4567890155914', 11),
  ('4567890156063', 11),
  ('4567890156212', 11),
  ('4567890156362', 1),
  ('4567890156512', 1),
  ('4567890156662', 1),
  ('4567890123517', 13),
  ('4567890123523', 13),
  ('4567890123529', 13),
  ('4567890123536', 2),
  ('4567890123543', 2),
  ('4567890123550', 2),
  ('4567890123633', 4),
  ('4567890123644', 4),
  ('4567890123655', 4),
  ('4567890123732', 4),
  ('4567890123746', 4),
  ('4567890123760', 4),
  ('4567890132880', 4),
  ('4567890132961', 4),
  ('4567890133042', 4),
  ('4567890133621', 5),
  ('4567890133705', 5),
  ('4567890133789', 5),
  ('4567890139602', 4),
  ('4567890139708', 4),
  ('4567890139814', 4),
  ('4567890143514', 4),
  ('4567890143632', 4),
  ('4567890143750', 4),
  ('4567890146438', 4),
  ('4567890146564', 4),
  ('4567890146690', 4),
  ('4567890150363', 4),
  ('4567890150499', 4),
  ('4567890150635', 4),
  ('4567890153719', 4),
  ('4567890153863', 4),
  ('4567890154007', 4);

INSERT INTO Proveedores(nombre)
  VALUES
  ('TechWorld Supplies'),
  ('GadgetZone Distributors'),
  ('SmartTech Solutions'),
  ('Innovate Electronics'),
  ('ConnectIt Enterprises'),
  ('FutureGizmo Imports'),
  ('GoPro Innovations'),
  ('DigitalDream Distributors'),
  ('E-Stream Electronics'),
  ('SmartWave Technologies'),
  ('PowerGear Distributors'),
  ('NexGen Gadgets'),
  ('GigaFusion Tech'),
  ('QuantumTech Suppliers'),
  ('SmartLuxe Distributors');


INSERT INTO Vende(idProveedor, upcProducto)
  VALUES
  (12,'4567890123467'),
  (14,'4567890123468'),
  (2,'4567890123469'),
  (7,'4567890123471'),
  (4,'4567890123473'),
  (12,'4567890123475'),
  (1,'4567890123478'),
  (15,'4567890123481'),
  (10,'4567890123484'),
  (2,'4567890123488'),
  (14,'4567890123492'),
  (3,'4567890123496'),
  (8,'4567890123501'),
  (7,'4567890123506'),
  (6,'4567890123511'),
  (13,'4567890123517'),
  (15,'4567890123523'),
  (6,'4567890123529'),
  (12,'4567890123536'),
  (9,'4567890123543'),
  (9,'4567890123550'),
  (14,'4567890123558'),
  (7,'4567890123566'),
  (7,'4567890123574'),
  (3,'4567890123583'),
  (9,'4567890123592'),
  (10,'4567890123602'),
  (14,'4567890123612'),
  (4,'4567890123622'),
  (11,'4567890123633'),
  (15,'4567890123644'),
  (2,'4567890123655'),
  (11,'4567890123667'),
  (13,'4567890123679'),
  (3,'4567890123692'),
  (15,'4567890123705'),
  (13,'4567890123718'),
  (14,'4567890123732'),
  (12,'4567890123746'),
  (11,'4567890123760'),
  (2,'4567890123775'),
  (5,'4567890123790'),
  (4,'4567890123806'),
  (15,'4567890123822'),
  (8,'4567890123838'),
  (10,'4567890123855'),
  (6,'4567890123872'),
  (7,'4567890123889'),
  (10,'4567890123907'),
  (14,'4567890123925'),
  (9,'4567890123944'),
  (12,'4567890123963'),
  (11,'4567890123982'),
  (3,'4567890124002'),
  (2,'4567890124022'),
  (11,'4567890124042'),
  (8,'4567890124063'),
  (3,'4567890124084'),
  (4,'4567890124105'),
  (10,'4567890124127'),
  (9,'4567890124149'),
  (13,'4567890124172'),
  (9,'4567890124195'),
  (12,'4567890124218'),
  (6,'4567890124242'),
  (11,'4567890124266'),
  (1,'4567890124291'),
  (5,'4567890124316'),
  (2,'4567890124341'),
  (14,'4567890124367'),
  (12,'4567890124393'),
  (3,'4567890124419'),
  (8,'4567890124446'),
  (11,'4567890124473'),
  (5,'4567890124500'),
  (11,'4567890124528'),
  (9,'4567890124556'),
  (12,'4567890124584'),
  (5,'4567890124613'),
  (3,'4567890124642'),
  (3,'4567890124672'),
  (12,'4567890124702'),
  (9,'4567890124732'),
  (1,'4567890124763'),
  (11,'4567890124794'),
  (5,'4567890124825'),
  (4,'4567890124857'),
  (8,'4567890124889'),
  (11,'4567890124921'),
  (13,'4567890124954'),
  (3,'4567890124987'),
  (11,'4567890125020'),
  (8,'4567890125054'),
  (1,'4567890125088'),
  (14,'4567890125122'),
  (8,'4567890125157'),
  (12,'4567890125192'),
  (15,'4567890125227'),
  (3,'4567890125263'),
  (4,'4567890125299'),
  (9,'4567890125336'),
  (11,'4567890125373'),
  (15,'4567890125410'),
  (8,'4567890125448'),
  (14,'4567890125486'),
  (10,'4567890125524'),
  (6,'4567890125563'),
  (13,'4567890125602'),
  (9,'4567890125641'),
  (13,'4567890125681'),
  (12,'4567890125721'),
  (2,'4567890125762'),
  (10,'4567890125803'),
  (11,'4567890125844'),
  (6,'4567890125886'),
  (5,'4567890125928'),
  (6,'4567890125970'),
  (8,'4567890126013'),
  (4,'4567890126056'),
  (12,'4567890126099'),
  (7,'4567890126143'),
  (7,'4567890126187'),
  (10,'4567890126231'),
  (12,'4567890126276'),
  (12,'4567890126321'),
  (12,'4567890126366'),
  (9,'4567890126412'),
  (14,'4567890126458'),
  (11,'4567890126504'),
  (3,'4567890126551'),
  (9,'4567890126598'),
  (14,'4567890126645'),
  (3,'4567890126693'),
  (1,'4567890126741'),
  (4,'4567890126789'),
  (1,'4567890126838'),
  (7,'4567890126887'),
  (4,'4567890126936'),
  (1,'4567890126986'),
  (9,'4567890127036'),
  (12,'4567890127086'),
  (3,'4567890127137'),
  (1,'4567890127188'),
  (14,'4567890127239'),
  (4,'4567890127291'),
  (9,'4567890127343'),
  (9,'4567890127395'),
  (4,'4567890127448'),
  (3,'4567890127501'),
  (8,'4567890127555'),
  (2,'4567890127609'),
  (9,'4567890127664'),
  (12,'4567890127719'),
  (5,'4567890127774'),
  (14,'4567890127830'),
  (4,'4567890127886'),
  (8,'4567890127942'),
  (7,'4567890127999'),
  (9,'4567890128056'),
  (10,'4567890128113'),
  (12,'4567890128171'),
  (9,'4567890128229'),
  (14,'4567890128287'),
  (15,'4567890128346'),
  (4,'4567890128405'),
  (11,'4567890128464'),
  (13,'4567890128524'),
  (4,'4567890128584'),
  (1,'4567890128644'),
  (11,'4567890128705'),
  (10,'4567890128766'),
  (5,'4567890128827'),
  (10,'4567890128889'),
  (3,'4567890128951'),
  (7,'4567890129013'),
  (11,'4567890129076'),
  (13,'4567890129139'),
  (6,'4567890129202'),
  (3,'4567890129266'),
  (7,'4567890129330'),
  (1,'4567890129394'),
  (2,'4567890129459'),
  (15,'4567890129524'),
  (13,'4567890129589'),
  (14,'4567890129655'),
  (6,'4567890129721'),
  (11,'4567890129787'),
  (4,'4567890129854'),
  (11,'4567890129921'),
  (1,'4567890129988'),
  (15,'4567890130056'),
  (10,'4567890130124'),
  (3,'4567890130192'),
  (7,'4567890130261'),
  (3,'4567890130330'),
  (14,'4567890130399'),
  (4,'4567890130469'),
  (8,'4567890130539'),
  (2,'4567890130609'),
  (5,'4567890130680'),
  (10,'4567890130751'),
  (8,'4567890130822'),
  (13,'4567890130894'),
  (13,'4567890130966'),
  (7,'4567890131038'),
  (7,'4567890131111'),
  (8,'4567890131184'),
  (11,'4567890131257'),
  (7,'4567890131331'),
  (9,'4567890131405'),
  (15,'4567890131479'),
  (15,'4567890131554'),
  (8,'4567890131629'),
  (11,'4567890131705'),
  (4,'4567890131781'),
  (13,'4567890131857'),
  (10,'4567890131934'),
  (1,'4567890132011'),
  (15,'4567890132088'),
  (9,'4567890132166'),
  (15,'4567890132244'),
  (11,'4567890132322'),
  (3,'4567890132401'),
  (9,'4567890132480'),
  (14,'4567890132559'),
  (3,'4567890132639'),
  (15,'4567890132719'),
  (3,'4567890132799'),
  (5,'4567890132880'),
  (7,'4567890132961'),
  (6,'4567890133042'),
  (10,'4567890133124'),
  (12,'4567890133206'),
  (9,'4567890133288'),
  (13,'4567890133371'),
  (1,'4567890133454'),
  (10,'4567890133537'),
  (10,'4567890133621'),
  (2,'4567890133705'),
  (14,'4567890133789'),
  (14,'4567890133874'),
  (2,'4567890133959'),
  (14,'4567890134045'),
  (10,'4567890134131'),
  (11,'4567890134217'),
  (11,'4567890134304'),
  (4,'4567890134391'),
  (14,'4567890134478'),
  (14,'4567890134566'),
  (3,'4567890134654'),
  (13,'4567890134742'),
  (7,'4567890134831'),
  (1,'4567890134920'),
  (2,'4567890135009'),
  (15,'4567890135099'),
  (13,'4567890135189'),
  (13,'4567890135279'),
  (12,'4567890135370'),
  (9,'4567890135461'),
  (9,'4567890135552'),
  (7,'4567890135644'),
  (14,'4567890135736'),
  (5,'4567890135828'),
  (5,'4567890135921'),
  (7,'4567890136014'),
  (10,'4567890136107'),
  (4,'4567890136201'),
  (14,'4567890136295'),
  (5,'4567890136389'),
  (2,'4567890136484'),
  (10,'4567890136579'),
  (4,'4567890136675'),
  (12,'4567890136771'),
  (3,'4567890136867'),
  (7,'4567890136964'),
  (13,'4567890137061'),
  (14,'4567890137158'),
  (11,'4567890137256'),
  (11,'4567890137354'),
  (2,'4567890137453'),
  (14,'4567890137552'),
  (14,'4567890137651'),
  (14,'4567890137751'),
  (11,'4567890137851'),
  (15,'4567890137951'),
  (4,'4567890138052'),
  (9,'4567890138153'),
  (13,'4567890138254'),
  (11,'4567890138356'),
  (8,'4567890138458'),
  (12,'4567890138560'),
  (4,'4567890138663'),
  (11,'4567890138766'),
  (8,'4567890138869'),
  (7,'4567890138973'),
  (12,'4567890139077'),
  (6,'4567890139181'),
  (7,'4567890139286'),
  (2,'4567890139391'),
  (12,'4567890139496'),
  (3,'4567890139602'),
  (5,'4567890139708'),
  (14,'4567890139814'),
  (2,'4567890139921'),
  (13,'4567890140028'),
  (9,'4567890140135'),
  (14,'4567890140243'),
  (4,'4567890140351'),
  (14,'4567890140459'),
  (3,'4567890140568'),
  (15,'4567890140677'),
  (15,'4567890140786'),
  (5,'4567890140896'),
  (11,'4567890141006'),
  (1,'4567890141116'),
  (1,'4567890141227'),
  (6,'4567890141338'),
  (5,'4567890141449'),
  (1,'4567890141561'),
  (5,'4567890141673'),
  (8,'4567890141785'),
  (6,'4567890141898'),
  (2,'4567890142011'),
  (7,'4567890142124'),
  (1,'4567890142238'),
  (5,'4567890142352'),
  (11,'4567890142467'),
  (11,'4567890142582'),
  (6,'4567890142697'),
  (12,'4567890142813'),
  (13,'4567890142929'),
  (3,'4567890143045'),
  (7,'4567890143162'),
  (10,'4567890143279'),
  (14,'4567890143396'),
  (14,'4567890143514'),
  (2,'4567890143632'),
  (1,'4567890143750'),
  (8,'4567890143869'),
  (6,'4567890143988'),
  (14,'4567890144107'),
  (11,'4567890144227'),
  (8,'4567890144347'),
  (2,'4567890144467'),
  (11,'4567890144588'),
  (15,'4567890144709'),
  (11,'4567890144830'),
  (14,'4567890144952'),
  (4,'4567890145074'),
  (15,'4567890145196'),
  (6,'4567890145319'),
  (14,'4567890145442'),
  (10,'4567890145565'),
  (3,'4567890145689'),
  (12,'4567890145813'),
  (4,'4567890145937'),
  (1,'4567890146062'),
  (9,'4567890146187'),
  (8,'4567890146312'),
  (1,'4567890146438'),
  (12,'4567890146564'),
  (14,'4567890146690'),
  (1,'4567890146817'),
  (10,'4567890146944'),
  (12,'4567890147071'),
  (8,'4567890147199'),
  (14,'4567890147327'),
  (5,'4567890147455'),
  (14,'4567890147584'),
  (15,'4567890147713'),
  (2,'4567890147842'),
  (2,'4567890147972'),
  (15,'4567890148102'),
  (9,'4567890148232'),
  (1,'4567890148363'),
  (2,'4567890148494'),
  (4,'4567890148625'),
  (12,'4567890148757'),
  (3,'4567890148889'),
  (14,'4567890149021'),
  (2,'4567890149154'),
  (14,'4567890149287'),
  (4,'4567890149420'),
  (8,'4567890149554'),
  (13,'4567890149688'),
  (4,'4567890149822'),
  (10,'4567890149957'),
  (4,'4567890150092'),
  (1,'4567890150227'),
  (7,'4567890150363'),
  (6,'4567890150499'),
  (1,'4567890150635'),
  (8,'4567890150772'),
  (2,'4567890150909'),
  (8,'4567890151046'),
  (6,'4567890151184'),
  (9,'4567890151322'),
  (12,'4567890151460'),
  (3,'4567890151599'),
  (7,'4567890151738'),
  (5,'4567890151877'),
  (12,'4567890152017'),
  (4,'4567890152157'),
  (14,'4567890152297'),
  (6,'4567890152438'),
  (4,'4567890152579'),
  (9,'4567890152720'),
  (10,'4567890152862'),
  (6,'4567890153004'),
  (8,'4567890153146'),
  (12,'4567890153289'),
  (7,'4567890153432'),
  (14,'4567890153575'),
  (7,'4567890153719'),
  (12,'4567890153863'),
  (2,'4567890154007'),
  (15,'4567890154152'),
  (9,'4567890154297'),
  (5,'4567890154442'),
  (15,'4567890154588'),
  (12,'4567890154734'),
  (4,'4567890154880'),
  (4,'4567890155027'),
  (1,'4567890155174'),
  (12,'4567890155321'),
  (3,'4567890155469'),
  (2,'4567890155617'),
  (12,'4567890155765'),
  (10,'4567890155914'),
  (15,'4567890156063'),
  (15,'4567890156212'),
  (4,'4567890156362'),
  (14,'4567890156512'),
  (12,'4567890156662'),
  (9,'4567890123467'),
  (1,'4567890123468'),
  (12,'4567890123469'),
  (15,'4567890123471'),
  (13,'4567890123473'),
  (4,'4567890123475'),
  (15,'4567890123478'),
  (4,'4567890123481'),
  (7,'4567890123484'),
  (7,'4567890123488'),
  (13,'4567890123492'),
  (15,'4567890123496'),
  (12,'4567890123501'),
  (11,'4567890123506'),
  (9,'4567890123511'),
  (14,'4567890123517'),
  (13,'4567890123523'),
  (11,'4567890123529'),
  (9,'4567890123536'),
  (5,'4567890123543'),
  (5,'4567890123550'),
  (5,'4567890123558'),
  (11,'4567890123566'),
  (12,'4567890123574'),
  (6,'4567890123583'),
  (13,'4567890123592'),
  (13,'4567890123602'),
  (6,'4567890123612'),
  (15,'4567890123622'),
  (4,'4567890123633'),
  (1,'4567890123644'),
  (11,'4567890123655'),
  (1,'4567890123667'),
  (5,'4567890123679'),
  (4,'4567890123692'),
  (8,'4567890123705'),
  (9,'4567890123718'),
  (5,'4567890123732'),
  (8,'4567890123746'),
  (9,'4567890123760'),
  (3,'4567890123775'),
  (13,'4567890123790'),
  (5,'4567890123806'),
  (3,'4567890123822'),
  (1,'4567890123838'),
  (14,'4567890123855'),
  (15,'4567890123872'),
  (5,'4567890123889'),
  (15,'4567890123907'),
  (6,'4567890123925'),
  (15,'4567890123944'),
  (14,'4567890123963'),
  (7,'4567890123982'),
  (9,'4567890124002'),
  (7,'4567890124022'),
  (1,'4567890124042'),
  (10,'4567890124063'),
  (5,'4567890124084'),
  (12,'4567890124105'),
  (9,'4567890124127'),
  (7,'4567890124149'),
  (2,'4567890124172'),
  (4,'4567890124195'),
  (11,'4567890124218'),
  (5,'4567890124242'),
  (13,'4567890124266'),
  (2,'4567890124291'),
  (4,'4567890124316'),
  (12,'4567890124341'),
  (11,'4567890124367'),
  (6,'4567890124393'),
  (10,'4567890124419'),
  (14,'4567890124446'),
  (9,'4567890124473'),
  (11,'4567890124500'),
  (15,'4567890124528'),
  (1,'4567890124556'),
  (11,'4567890124584'),
  (13,'4567890124613'),
  (11,'4567890124642'),
  (7,'4567890124672'),
  (10,'4567890124702'),
  (3,'4567890124732'),
  (15,'4567890124763'),
  (7,'4567890124794'),
  (6,'4567890124825'),
  (3,'4567890124857'),
  (10,'4567890124889'),
  (3,'4567890124921'),
  (3,'4567890124954'),
  (5,'4567890124987'),
  (6,'4567890125020'),
  (9,'4567890125054'),
  (5,'4567890125088'),
  (8,'4567890125122'),
  (3,'4567890125157'),
  (9,'4567890125192'),
  (12,'4567890125227'),
  (8,'4567890125263'),
  (6,'4567890125299'),
  (13,'4567890125336'),
  (1,'4567890125373'),
  (7,'4567890125410'),
  (15,'4567890125448'),
  (9,'4567890125486'),
  (3,'4567890125524'),
  (15,'4567890125563'),
  (3,'4567890125602'),
  (1,'4567890125641'),
  (14,'4567890125681'),
  (14,'4567890125721'),
  (1,'4567890125762'),
  (3,'4567890125803'),
  (9,'4567890125844'),
  (8,'4567890125886'),
  (6,'4567890125928'),
  (9,'4567890125970'),
  (4,'4567890126013'),
  (2,'4567890126056'),
  (8,'4567890126099'),
  (8,'4567890126143'),
  (5,'4567890126187'),
  (4,'4567890126231'),
  (4,'4567890126276'),
  (9,'4567890126321'),
  (15,'4567890126366'),
  (15,'4567890126412'),
  (7,'4567890126458'),
  (13,'4567890126504'),
  (14,'4567890126551'),
  (10,'4567890126598'),
  (4,'4567890126645'),
  (15,'4567890126693'),
  (4,'4567890126741'),
  (11,'4567890126789'),
  (6,'4567890126838'),
  (5,'4567890126887'),
  (15,'4567890126936'),
  (4,'4567890126986'),
  (7,'4567890127036'),
  (7,'4567890127086'),
  (7,'4567890127137'),
  (2,'4567890127188'),
  (13,'4567890127239'),
  (14,'4567890127291'),
  (4,'4567890127343'),
  (7,'4567890127395'),
  (2,'4567890127448'),
  (10,'4567890127501'),
  (1,'4567890127555'),
  (9,'4567890127609'),
  (6,'4567890127664'),
  (1,'4567890127719'),
  (12,'4567890127774'),
  (1,'4567890127830'),
  (2,'4567890127886'),
  (1,'4567890127942'),
  (4,'4567890127999'),
  (13,'4567890128056'),
  (6,'4567890128113'),
  (9,'4567890128171'),
  (4,'4567890128229'),
  (6,'4567890128287'),
  (11,'4567890128346'),
  (9,'4567890128405'),
  (8,'4567890128464'),
  (2,'4567890128524'),
  (2,'4567890128584'),
  (10,'4567890128644'),
  (15,'4567890128705'),
  (3,'4567890128766'),
  (2,'4567890128827'),
  (3,'4567890128889'),
  (12,'4567890128951'),
  (8,'4567890129013'),
  (12,'4567890129076'),
  (12,'4567890129139'),
  (14,'4567890129202'),
  (5,'4567890129266'),
  (3,'4567890129330'),
  (14,'4567890129394'),
  (11,'4567890129459'),
  (6,'4567890129524'),
  (1,'4567890129589'),
  (12,'4567890129655'),
  (13,'4567890129721'),
  (15,'4567890129787'),
  (1,'4567890129854'),
  (13,'4567890129921'),
  (5,'4567890129988'),
  (9,'4567890130056'),
  (7,'4567890130124'),
  (11,'4567890130192'),
  (4,'4567890130261'),
  (5,'4567890130330'),
  (4,'4567890130399'),
  (5,'4567890130469'),
  (4,'4567890130539'),
  (5,'4567890130609'),
  (1,'4567890130680'),
  (11,'4567890130751'),
  (10,'4567890130822'),
  (3,'4567890130894'),
  (5,'4567890130966'),
  (9,'4567890131038'),
  (15,'4567890131111'),
  (6,'4567890131184'),
  (9,'4567890131257'),
  (9,'4567890131331'),
  (11,'4567890131405'),
  (2,'4567890131479'),
  (8,'4567890131554'),
  (6,'4567890131629'),
  (6,'4567890131705'),
  (8,'4567890131781'),
  (8,'4567890131857'),
  (1,'4567890131934'),
  (11,'4567890132011'),
  (5,'4567890132088'),
  (15,'4567890132166'),
  (9,'4567890132244'),
  (5,'4567890132322'),
  (1,'4567890132401'),
  (15,'4567890132480'),
  (15,'4567890132559'),
  (11,'4567890132639'),
  (14,'4567890132719'),
  (6,'4567890132799'),
  (3,'4567890132880'),
  (2,'4567890132961'),
  (10,'4567890133042'),
  (9,'4567890133124'),
  (8,'4567890133206'),
  (8,'4567890133288'),
  (4,'4567890133371'),
  (15,'4567890133454'),
  (7,'4567890133537'),
  (15,'4567890133621'),
  (15,'4567890133705'),
  (15,'4567890133789'),
  (6,'4567890133874'),
  (3,'4567890133959'),
  (3,'4567890134045'),
  (11,'4567890134131'),
  (12,'4567890134217'),
  (10,'4567890134304'),
  (3,'4567890134391'),
  (2,'4567890134478'),
  (1,'4567890134566'),
  (5,'4567890134654'),
  (11,'4567890134742'),
  (4,'4567890134831'),
  (12,'4567890134920'),
  (3,'4567890135009'),
  (12,'4567890135099'),
  (5,'4567890135189'),
  (3,'4567890135279'),
  (9,'4567890135370'),
  (14,'4567890135461'),
  (13,'4567890135552'),
  (14,'4567890135644'),
  (4,'4567890135736'),
  (8,'4567890135828'),
  (4,'4567890135921'),
  (13,'4567890136014'),
  (11,'4567890136107'),
  (3,'4567890136201'),
  (5,'4567890136295'),
  (4,'4567890136389'),
  (12,'4567890136484'),
  (8,'4567890136579'),
  (12,'4567890136675'),
  (4,'4567890136771'),
  (8,'4567890136867'),
  (2,'4567890136964'),
  (1,'4567890137061'),
  (8,'4567890137158'),
  (8,'4567890137256'),
  (2,'4567890137354'),
  (7,'4567890137453'),
  (10,'4567890137552'),
  (9,'4567890137651'),
  (12,'4567890137751'),
  (15,'4567890137851'),
  (14,'4567890137951'),
  (8,'4567890138052'),
  (8,'4567890138153'),
  (5,'4567890138254'),
  (9,'4567890138356'),
  (4,'4567890138458'),
  (10,'4567890138560'),
  (8,'4567890138663'),
  (10,'4567890138766'),
  (2,'4567890138869'),
  (5,'4567890138973'),
  (4,'4567890139077'),
  (1,'4567890139181'),
  (12,'4567890139286'),
  (12,'4567890139391'),
  (7,'4567890139496'),
  (2,'4567890139602'),
  (11,'4567890139708'),
  (12,'4567890139814'),
  (12,'4567890139921'),
  (12,'4567890140028'),
  (14,'4567890140135'),
  (11,'4567890140243'),
  (1,'4567890140351'),
  (13,'4567890140459'),
  (8,'4567890140568'),
  (6,'4567890140677'),
  (3,'4567890140786'),
  (4,'4567890140896'),
  (4,'4567890141006'),
  (12,'4567890141116'),
  (5,'4567890141227'),
  (10,'4567890141338'),
  (2,'4567890141449'),
  (7,'4567890141561'),
  (2,'4567890141673'),
  (11,'4567890141785'),
  (3,'4567890141898'),
  (6,'4567890142011'),
  (4,'4567890142124'),
  (2,'4567890142238'),
  (15,'4567890142352'),
  (9,'4567890142467'),
  (4,'4567890142582'),
  (10,'4567890142697'),
  (3,'4567890142813'),
  (12,'4567890142929'),
  (7,'4567890143045'),
  (1,'4567890143162'),
  (12,'4567890143279'),
  (13,'4567890143396'),
  (7,'4567890143514'),
  (9,'4567890143632'),
  (6,'4567890143750'),
  (11,'4567890143869'),
  (7,'4567890143988'),
  (15,'4567890144107'),
  (6,'4567890144227'),
  (3,'4567890144347'),
  (6,'4567890144467'),
  (6,'4567890144588'),
  (14,'4567890144709'),
  (9,'4567890144830'),
  (2,'4567890144952'),
  (9,'4567890145074'),
  (8,'4567890145196'),
  (2,'4567890145319'),
  (11,'4567890145442'),
  (3,'4567890145565'),
  (8,'4567890145689'),
  (3,'4567890145813'),
  (7,'4567890145937'),
  (4,'4567890146062'),
  (4,'4567890146187'),
  (12,'4567890146312'),
  (10,'4567890146438'),
  (3,'4567890146564'),
  (9,'4567890146690'),
  (3,'4567890146817'),
  (8,'4567890146944'),
  (2,'4567890147071'),
  (15,'4567890147199'),
  (6,'4567890147327'),
  (8,'4567890147455'),
  (8,'4567890147584'),
  (1,'4567890147713'),
  (7,'4567890147842'),
  (8,'4567890147972'),
  (9,'4567890148102'),
  (4,'4567890148232'),
  (15,'4567890148363'),
  (12,'4567890148494'),
  (5,'4567890148625'),
  (2,'4567890148757'),
  (7,'4567890148889'),
  (7,'4567890149021'),
  (15,'4567890149154'),
  (13,'4567890149287'),
  (11,'4567890149420'),
  (9,'4567890149554'),
  (10,'4567890149688'),
  (11,'4567890149822'),
  (7,'4567890149957'),
  (1,'4567890150092'),
  (11,'4567890150227'),
  (1,'4567890150363'),
  (15,'4567890150499'),
  (7,'4567890150635'),
  (2,'4567890150772'),
  (7,'4567890150909'),
  (7,'4567890151046'),
  (8,'4567890151184'),
  (1,'4567890151322'),
  (11,'4567890151460'),
  (9,'4567890151599'),
  (10,'4567890151738'),
  (13,'4567890151877'),
  (2,'4567890152017'),
  (6,'4567890152157'),
  (3,'4567890152297'),
  (5,'4567890152438'),
  (10,'4567890152579'),
  (5,'4567890152720'),
  (1,'4567890152862'),
  (12,'4567890153004'),
  (3,'4567890153146'),
  (15,'4567890153289'),
  (8,'4567890153432'),
  (5,'4567890153575'),
  (15,'4567890153719'),
  (13,'4567890153863'),
  (9,'4567890154007'),
  (2,'4567890154152'),
  (15,'4567890154297'),
  (10,'4567890154442'),
  (5,'4567890154588'),
  (10,'4567890154734'),
  (10,'4567890154880'),
  (2,'4567890155027'),
  (12,'4567890155174'),
  (13,'4567890155321'),
  (6,'4567890155469'),
  (5,'4567890155617'),
  (1,'4567890155765'),
  (14,'4567890155914'),
  (2,'4567890156063'),
  (5,'4567890156212'),
  (12,'4567890156362'),
  (7,'4567890156512'),
  (11,'4567890156662');
